name,inn,city,create_date,reg_date,last_tender_date,contract_value,staff,ban,bidding_num,wins_num,not_executed_contracts,terminated_contracts
ООО Сказочная страна,123456789012,Урюпинск,2002-01-06,2013-03-13,2015-09-05,1119758,1160,False,20,11,0,0
ОАО Карнавал,123456789013,Урюпинск,2012-08-25,2022-07-26,2023-03-22,3089737,1093,False,54,24,5,0
ООО Марго,123456789014,Нижние Серги,1998-12-15,2010-03-11,2020-06-16,8421696,1,False,18,14,0,0
ООО Праздник,123456789015,Новая Ляля,2022-06-14,2022-09-05,2023-01-02,8771911,1629,False,48,39,5,0
ООО Веду круто,123456789016,Колпино,2009-12-11,2017-05-11,2019-02-04,1082070,1500,False,39,9,0,0
КФХ Пикаду,123456789017,Колпино,2000-08-08,2019-09-09,2021-05-18,9093792,315,False,68,67,0,1
ЗАО Аэлита,123456789018,Пыталово,2012-05-13,2019-07-30,2020-03-13,6680774,959,False,58,50,0,0
ЗАО Невская феерия,123456789019,Урюпинск,1999-08-01,2006-05-23,2019-01-06,7418341,67,False,83,15,0,0
ОАО Фишка,123456789020,Нижние Серги,2022-02-24,2022-10-15,2022-11-20,3552661,283,False,12,9,0,0
ЗАО Гильдия волшебников,123456789021,Мамыри,2017-02-25,2019-08-14,2020-09-14,4873605,460,False,56,29,0,0
ОАО Ярик,123456789022,Нижние Серги,2007-05-14,2020-12-21,2022-12-15,1842012,699,False,59,58,0,0
ЗАО Новые эмоции,123456789023,Урюпинск,1999-11-25,2006-01-13,2017-07-11,8630586,1763,False,58,33,0,0
ОАО Яркий мир,123456789024,Новая Ляля,2021-12-01,2022-06-02,2022-09-27,2066884,1825,False,59,29,0,0
ООО Корпорация малышей,123456789025,Колпино,2019-07-31,2022-11-15,2023-01-03,7539935,1826,True,17,3,0,0
ООО Корпорация монстров,123456789026,Мамыри,2020-10-14,2022-04-14,2022-07-05,8288594,506,False,32,25,0,0
ЗАО Ириска,123456789027,Мымрино,2005-08-13,2009-02-27,2010-09-29,2011621,659,False,40,17,0,0
ОАО Монпансье,123456789028,Урюпинск,2010-07-13,2016-04-10,2016-04-26,9059500,1416,False,53,50,0,0
ОАО Гранд-Праздник,123456789029,Новая Ляля,2010-01-18,2015-02-04,2022-12-31,3724851,302,False,98,34,0,0
КФХ Тамада,123456789030,Козельск,2007-08-22,2022-01-21,2022-03-01,2773723,1644,False,75,49,0,0
НКО Звездочка,123456789031,Барнаул,2020-01-06,2020-10-17,2022-03-31,1790854,1209,False,2,1,0,5
ЗАО Мон Эвент,123456789032,Козельск,2002-10-22,2013-04-30,2015-07-08,1497871,1023,False,77,36,0,2
ООО Седьмое небо,123456789033,Барнаул,1997-08-28,2022-07-04,2022-09-20,2147355,1355,False,41,9,0,0
НКО Веселый жираф,123456789034,Козельск,2014-04-23,2020-11-29,2022-05-09,8563758,204,False,76,53,0,0
ООО Дюймовочка,123456789035,Свиногорье,2021-08-14,2021-11-24,2022-10-11,7521925,737,False,86,16,0,0
НКО Багира,123456789036,Свиногорье,2017-12-29,2018-07-19,2020-08-28,8831296,1847,False,75,20,0,0
ООО Рыжик,123456789037,Новая Ляля,2014-01-16,2016-12-06,2019-03-15,550252,1025,False,66,49,0,0
ЗАО Полосатый Слон,123456789038,Нижние Серги,2011-05-26,2013-09-21,2021-07-31,3419356,159,False,25,8,0,0
НКО Эффект Шоу,123456789039,Мамыри,2014-09-21,2016-12-11,2020-11-04,2873980,1569,True,9,1,0,0
ОАО Лунный свет,123456789040,Козельск,2008-02-23,2009-04-14,2010-07-11,5556531,201,False,89,51,0,5
ООО Ай-Забава,123456789041,Мымрино,2009-07-13,2010-07-08,2016-10-07,3422223,570,False,37,10,0,0
НКО Мираж,123456789042,Барнаул,2010-04-21,2017-08-02,2019-03-19,1314229,269,False,89,70,2,0
ЗАО Романтик,123456789043,Урюпинск,2011-02-07,2014-03-13,2022-02-24,9632858,176,False,98,2,0,0
ОАО Розовый фламинго,123456789044,Пыталово,2001-01-21,2005-10-15,2016-09-17,202037,1889,False,7,4,0,0
ОАО Уроки доброты,123456789045,Барнаул,2015-10-22,2018-05-02,2020-09-04,5624048,16,False,7,6,0,1
НКО Август,123456789046,Барнаул,2001-10-26,2013-04-26,2018-05-13,1355870,1439,False,102,84,0,0
КФХ Володькины забавы,123456789047,Мамыри,2009-12-02,2022-09-05,2022-12-16,7718775,659,False,30,13,2,0
КФХ Сказка,123456789048,Барнаул,2003-07-15,2007-10-05,2013-06-24,4458636,637,False,1,0,0,0
ОАО Кудесники,123456789049,Мымрино,2016-12-31,2018-08-26,2022-10-26,3213867,201,False,1,0,0,0
ЗАО Фунтик,123456789050,Козельск,2008-07-14,2013-06-30,2015-02-07,5396172,915,False,96,73,0,0
ЗАО Двенадцать месяцев,123456789051,Мымрино,2019-12-12,2020-05-09,2023-01-28,5294457,1735,False,107,6,0,0
ОАО Мир чудес,123456789052,Свиногорье,2014-06-27,2022-02-13,2023-02-08,7422228,247,False,79,66,0,0
ЗАО Здоровячок,123456789053,Урюпинск,2007-04-04,2022-08-03,2022-09-02,1405597,468,False,64,12,0,5
ООО Феерия фокусов,123456789054,Колпино,2013-11-15,2017-07-15,2020-06-07,1788439,851,False,21,18,0,0
КФХ Вредина-привередина,123456789055,Свиногорье,2021-09-02,2021-09-05,2021-12-08,8407153,493,False,45,10,1,0
НКО Купидон,123456789056,Мамыри,1999-06-03,2009-08-03,2016-01-10,9529061,1293,False,37,26,0,0
НКО Лимонад,123456789057,Нижние Серги,1999-03-24,2022-05-12,2023-03-21,1327048,21,False,57,51,5,0
КФХ Дельфин,123456789058,Барнаул,2017-06-25,2021-09-26,2021-12-31,3826805,833,False,62,34,0,0
КФХ Мечтатели,123456789059,Козельск,2013-12-14,2014-07-28,2017-12-08,9980804,1033,False,1,0,0,0
ЗАО Старый парк,123456789060,Урюпинск,2002-11-14,2017-03-31,2019-08-13,6108667,477,False,57,29,0,0
ОАО Граф Орлов,123456789061,Новая Ляля,2000-08-13,2008-08-19,2015-03-30,6472933,1075,False,62,44,0,0
КФХ В точку,123456789062,Пыталово,2007-06-30,2019-07-08,2021-01-28,4043189,828,False,81,73,0,0
ООО Лучик,123456789063,Барнаул,2022-11-01,2023-03-12,2023-03-20,7233768,37,False,97,92,0,0
ЗАО Счастливые детки,123456789064,Барнаул,1998-06-25,2012-03-24,2017-04-21,1963629,93,True,37,3,0,0
ОАО Серебряный дождь,123456789065,Колпино,2019-04-29,2020-10-07,2021-05-06,9667168,983,False,75,68,0,0
ОАО Веселые олени,123456789066,Свиногорье,2017-03-10,2018-07-03,2022-03-31,6555339,365,False,87,9,0,0
НКО Сафари,123456789067,Козельск,2018-05-21,2022-01-18,2022-03-08,3963027,1913,False,107,100,0,0
КФХ Морозко,123456789068,Мамыри,2016-10-30,2022-03-14,2023-01-04,4725555,1951,False,76,44,0,0
НКО Радуга детства,123456789069,Мамыри,2011-06-27,2019-04-05,2023-02-27,8301238,1649,False,44,42,0,0
КФХ Во власти веселья,123456789070,Свиногорье,2003-07-23,2023-02-09,2023-02-11,9785979,651,False,24,16,0,0
ООО Краски,123456789071,Свиногорье,2019-07-02,2021-01-28,2021-10-14,7947158,1214,False,13,4,0,0
КФХ Королева праздника,123456789072,Мымрино,2003-02-01,2006-05-09,2016-06-29,5591769,659,False,97,57,0,0
НКО Седьмой день,123456789073,Барнаул,2009-10-29,2016-10-29,2018-01-04,2325366,1184,False,40,17,0,0
КФХ Одуванчик,123456789074,Колпино,2015-12-30,2018-10-25,2020-05-01,6014581,657,False,101,97,0,0
КФХ Фантазеры,123456789075,Свиногорье,2004-06-27,2010-12-14,2011-11-10,2303561,1413,False,97,51,2,0
ЗАО Счастливы вместе,123456789076,Козельск,2016-02-26,2017-07-26,2020-05-21,6662011,1187,False,76,37,0,0
ОАО Полянка,123456789077,Урюпинск,2002-10-17,2004-02-05,2012-07-28,5771294,1904,False,25,6,0,0
КФХ Классик,123456789078,Пыталово,2019-08-05,2023-03-25,2023-03-29,2350204,1388,False,33,16,0,0
ЗАО Киндер,123456789079,Новая Ляля,2013-06-05,2014-06-19,2017-06-19,5202340,1082,True,3,1,0,0
ОАО Интрига,123456789080,Барнаул,2001-11-08,2004-12-17,2011-05-29,2518021,931,False,107,42,0,0
КФХ Русский сабантуй,123456789081,Барнаул,2001-02-21,2009-07-23,2014-07-20,306765,133,False,87,11,0,0
НКО Полярный слон,123456789082,Урюпинск,1997-08-02,1998-02-22,2005-06-25,4064040,1289,False,89,77,0,0
ОАО Лилу,123456789083,Свиногорье,1997-10-07,2013-02-18,2022-08-03,7566312,1274,False,100,3,0,0
ЗАО Садко,123456789084,Мамыри,2002-09-28,2017-01-07,2023-02-28,8558647,155,False,103,6,0,0
НКО Весело!,123456789085,Козельск,2012-12-31,2017-01-20,2020-05-26,8824115,813,False,41,6,0,0
ООО Шоу-Арт,123456789086,Козельск,2006-05-18,2019-11-06,2020-07-14,5806828,1876,False,91,61,2,2
НКО Радуга,123456789087,Барнаул,2022-01-03,2022-05-22,2023-03-07,7059987,860,False,28,4,0,0
ЗАО Тактика,123456789088,Урюпинск,2022-04-19,2022-12-15,2022-12-22,5046820,49,False,92,36,0,0
ООО Белый квадрат,123456789089,Мытищи,2023-03-13,2023-03-20,2023-03-28,80128,1796,False,61,19,2,0
ОАО Шар,123456789090,Козельск,2018-09-15,2020-09-07,2020-10-11,2036109,611,False,96,25,0,0
НКО Абракадабра,123456789091,Колпино,1997-12-28,2008-07-22,2010-07-28,3388048,1715,False,70,52,0,0
НКО Драйв,123456789092,Пыталово,2022-04-23,2022-12-23,2023-01-28,9487016,1430,False,76,32,0,0
КФХ Арт-Триумф,123456789093,Урюпинск,2016-06-20,2020-04-05,2021-12-15,1671664,726,False,96,59,0,0
ОАО Арлекино,123456789094,Нижние Серги,2014-10-11,2016-02-08,2020-06-20,777725,603,False,26,20,0,0
ООО Бумеранг,123456789095,Нижние Серги,2000-02-29,2019-12-08,2021-10-03,1229550,372,False,29,13,0,0
КФХ Волшебный сундучок,123456789096,Мытищи,2013-10-14,2015-08-19,2017-03-20,1401921,934,False,7,3,0,0
НКО Крылья,123456789097,Козельск,2022-07-16,2023-03-19,2023-03-30,3518941,1424,False,69,21,0,0
ЗАО Веснянка,123456789098,Мымрино,2020-03-03,2022-03-26,2023-03-02,5379411,302,False,10,0,0,0
ОАО Пафос,123456789099,Барнаул,2009-12-07,2016-08-30,2017-10-14,7069047,69,False,74,56,1,1
ОАО Ладошки,123456789100,Урюпинск,2023-02-19,2023-03-06,2023-03-23,4788995,553,False,54,44,0,5
ЗАО Счастливчик,123456789101,Свиногорье,2011-12-12,2021-09-12,2022-03-09,6882065,1994,False,84,33,0,0
ООО Малиновый щербет,123456789102,Свиногорье,2008-03-17,2020-08-29,2023-02-05,6710273,107,True,110,13,1,0
ООО Дольче Вита,123456789103,Нижние Серги,2003-09-27,2008-05-24,2018-05-02,3061640,1008,False,105,56,0,0
ЗАО Идеальный праздник,123456789104,Урюпинск,2009-04-09,2021-08-02,2021-08-02,4171845,272,False,78,15,0,0
ОАО Йогурт,123456789105,Свиногорье,2014-08-22,2019-10-14,2022-02-08,4007054,155,False,81,22,0,0
ЗАО Радуга чудес,123456789106,Барнаул,2005-01-08,2014-02-21,2017-01-07,7442301,1677,False,62,14,0,0
КФХ Атмосфера,123456789107,Новая Ляля,2021-07-30,2023-03-10,2023-03-17,5420917,1055,False,21,9,0,0
ООО Мечта,123456789108,Козельск,2019-05-15,2020-02-28,2023-03-25,3455049,639,False,24,4,0,0
ООО Азбука веселья,123456789109,Мымрино,2016-05-13,2018-06-04,2018-06-28,1519794,1937,False,109,28,5,0
ЗАО Незабудка,123456789110,Новая Ляля,2012-12-10,2021-11-04,2023-02-18,2681870,1879,False,23,4,0,0
КФХ Королевство чудес,123456789111,Мамыри,2020-08-02,2020-12-29,2022-09-26,2614709,1457,False,28,8,0,0
НКО Праздник & праздник,123456789112,Новая Ляля,2003-08-14,2017-09-03,2021-05-01,3300683,1121,False,103,29,0,0
ЗАО Империя Шоу,123456789113,Урюпинск,2017-12-06,2023-02-04,2023-03-12,4292072,1439,True,72,11,0,0
НКО Фестиваль,123456789114,Мымрино,2005-02-19,2008-03-10,2016-09-07,3017517,1748,False,67,26,0,0
ЗАО Чудо,123456789115,Урюпинск,2017-10-03,2022-03-11,2022-07-01,1819624,1430,False,28,23,5,0
НКО Жар-птица,123456789116,Барнаул,2002-08-27,2013-05-12,2014-02-08,4159658,1444,False,78,64,0,0
ОАО Гильдия мастеров,123456789117,Урюпинск,2022-06-27,2022-11-30,2022-12-03,9617755,762,False,81,20,2,0
ЗАО Рыжик и Ко,123456789118,Мамыри,2002-06-30,2018-12-08,2022-05-29,5251575,1580,False,94,27,5,5
ОАО Брутальный воробей,123456789119,Мымрино,2015-08-14,2018-11-06,2022-03-18,8121616,423,False,54,42,0,0
ООО Арт-кума,123456789120,Барнаул,2000-11-22,2019-03-24,2021-06-12,5461254,1446,False,41,4,0,0
ООО Зефир,123456789121,Колпино,2006-01-08,2011-03-28,2021-03-21,6479306,266,False,34,2,2,0
ЗАО Лира,123456789122,Урюпинск,2008-11-11,2013-02-25,2017-09-09,4278681,1942,False,102,92,0,2
ООО Детство,123456789123,Мытищи,2005-05-15,2014-12-31,2016-11-25,2289207,239,False,108,24,2,0
ООО Бим-Бам,123456789124,Колпино,2008-09-29,2014-08-24,2020-06-19,7435440,297,False,104,2,0,0
ЗАО Мир позитива,123456789125,Колпино,2014-05-11,2014-05-29,2021-03-16,4908036,1104,False,32,13,0,0
ЗАО Алмаз,123456789126,Мымрино,2001-10-01,2013-11-10,2016-06-28,6742715,710,False,55,44,0,0
КФХ Красная панда,123456789127,Козельск,2021-03-30,2022-02-12,2022-06-19,6151890,1126,False,4,2,0,0
ЗАО Братец Лис,123456789128,Пыталово,2015-09-24,2021-06-10,2022-08-20,3432479,354,False,14,6,0,0
ЗАО Орленок,123456789129,Мымрино,2020-06-08,2022-12-05,2023-02-03,188447,627,False,87,58,0,0
ООО Сами с усами,123456789130,Мымрино,2015-03-23,2022-10-10,2023-02-08,7491353,861,False,36,4,0,0
ОАО Арт-ассамблея,123456789131,Свиногорье,2012-03-18,2014-11-04,2022-07-28,979533,56,False,31,27,0,0
КФХ Лукоморье,123456789132,Урюпинск,2020-08-16,2022-04-20,2022-06-22,7515701,979,False,64,5,5,1
ОАО Креатив плюс,123456789133,Колпино,2005-12-04,2021-11-19,2022-01-06,3917838,1097,False,53,13,0,0
ООО Однажды…,123456789134,Новая Ляля,2009-02-04,2020-04-09,2021-08-05,7151661,1496,False,60,31,0,0
КФХ Пир горой,123456789135,Козельск,2011-06-30,2023-02-05,2023-03-15,2295311,1596,False,82,3,5,0
ОАО Джулия,123456789136,Мымрино,2010-12-29,2014-09-01,2021-08-06,8079372,1022,False,5,0,0,0
ЗАО Позитив,123456789137,Козельск,1998-03-08,2010-07-02,2022-10-09,643828,23,False,78,72,0,0
КФХ На седьмом небе,123456789138,Свиногорье,2021-09-18,2023-01-30,2023-03-08,7868814,492,False,99,38,0,0
ООО Медовый месяц,123456789139,Мытищи,2021-09-20,2023-02-20,2023-03-10,9146134,1918,False,57,25,0,0
ООО Фабрика праздника,123456789140,Новая Ляля,2000-09-19,2022-01-02,2023-03-01,3414101,1324,False,76,28,0,0
КФХ Морячок,123456789141,Мытищи,2002-10-25,2006-10-28,2007-05-07,9824222,607,False,74,40,0,2
ООО Шурик,123456789142,Урюпинск,2023-01-27,2023-03-14,2023-03-18,1614548,532,False,66,14,0,2
ЗАО Чудеса,123456789143,Барнаул,2001-12-20,2022-07-22,2022-09-26,8579930,1107,False,75,36,0,0
НКО Друзья,123456789144,Пыталово,2019-07-03,2020-07-04,2022-06-25,6877007,1382,False,63,41,0,0
КФХ Сатир,123456789145,Козельск,2019-03-29,2022-09-16,2023-02-27,6683965,774,False,1,0,0,0
НКО Незабудка,123456789146,Колпино,2009-10-25,2019-08-14,2021-04-29,1465325,1969,False,12,8,0,0
ОАО Элен и ребята,123456789147,Козельск,2007-01-10,2011-01-25,2015-02-25,2704457,16,False,41,26,0,0
ЗАО Премьера,123456789148,Пыталово,2001-11-13,2007-03-06,2021-09-12,2884466,1909,False,92,50,0,0
НКО Матрешка,123456789149,Свиногорье,2020-04-15,2022-07-29,2022-12-18,9109484,1954,False,41,29,0,0
КФХ Знайка,123456789150,Нижние Серги,2012-04-02,2012-11-12,2015-06-16,518264,1555,False,94,22,0,0
ОАО Ласточка,123456789151,Урюпинск,2009-02-06,2021-10-18,2022-01-20,6144584,1118,False,84,19,0,0
ООО Союз талантов,123456789152,Колпино,2009-01-15,2015-04-26,2019-05-27,8384472,1291,False,74,57,0,0
ЗАО Стрекоза,123456789153,Свиногорье,2014-10-11,2019-03-12,2021-08-16,9664374,500,False,53,11,2,0
НКО Рябинушка,123456789154,Мытищи,2001-11-20,2003-09-28,2016-09-10,9190155,681,False,49,47,0,0
ООО Праздничный переполох,123456789155,Свиногорье,2012-02-16,2016-03-18,2018-02-05,8610690,822,False,99,41,0,1
ОАО Ласковый кот,123456789156,Новая Ляля,2016-12-04,2017-11-03,2022-01-13,7357521,1846,False,44,38,0,0
ОАО МАМАнтенок,123456789157,Мытищи,2012-05-27,2016-12-28,2022-10-05,4963432,1547,False,36,13,0,0
НКО Инфант,123456789158,Пыталово,2012-04-29,2013-01-19,2022-11-16,8595523,1563,False,36,5,0,0
ООО Шикарное событие,123456789159,Козельск,2015-11-05,2016-05-05,2020-04-21,1748441,366,False,15,10,0,0
НКО Ананас,123456789160,Барнаул,2006-08-12,2012-05-18,2018-06-07,9593043,1322,False,39,38,0,0
ООО Цветное настроение,123456789161,Пыталово,2009-05-01,2014-06-19,2018-12-08,5488430,64,False,60,17,0,0
НКО Маруся,123456789162,Барнаул,2019-03-02,2020-08-07,2020-10-10,8597453,524,False,81,70,0,0
ОАО Бэмби,123456789163,Барнаул,1998-03-29,2015-06-16,2019-05-10,9656309,1705,False,42,10,0,0
ООО Ваш день,123456789164,Мытищи,2009-01-12,2020-09-02,2020-09-29,9931118,186,False,90,50,0,0
КФХ Абажур,123456789165,Барнаул,2023-03-29,2023-03-30,2023-03-31,3175526,1290,False,74,1,0,2
ООО Открывашка,123456789166,Мамыри,2004-12-23,2007-03-19,2022-02-17,7219746,838,False,59,49,0,0
ЗАО Эрудит,123456789167,Колпино,2010-06-29,2019-06-03,2020-07-20,8317087,1254,False,43,29,0,0
ООО Самовар,123456789168,Мытищи,2002-05-15,2005-04-28,2018-08-20,1390103,208,False,52,5,0,0
КФХ Праздниковъ,123456789169,Колпино,2010-08-21,2022-11-05,2023-01-28,3856414,1895,False,4,3,0,2
ОАО Красный апельсин,123456789170,Барнаул,1999-11-04,2013-07-07,2016-12-15,1057797,1043,False,22,17,0,2
КФХ Ламбушка,123456789171,Барнаул,2015-05-23,2022-03-08,2022-05-08,1287206,1377,False,67,10,0,0
ЗАО Юниор-парк,123456789172,Свиногорье,2014-08-31,2023-01-14,2023-02-22,8984479,1746,False,25,4,0,5
ОАО Шоколадная радуга,123456789173,Колпино,2003-08-03,2016-08-19,2019-06-05,7063793,194,False,48,20,0,0
ОАО Детство,123456789174,Барнаул,2010-04-25,2015-02-20,2020-03-29,815468,217,False,52,50,0,5
ООО Амурчонок,123456789175,Мымрино,2020-11-01,2022-05-06,2022-08-22,9154265,1595,False,48,37,0,2
НКО Театр праздников,123456789176,Мамыри,1998-06-22,2008-02-18,2009-06-05,2605101,1882,False,3,1,0,0
КФХ Мелисента,123456789177,Колпино,2021-11-24,2021-12-17,2021-12-28,2491706,277,False,101,75,0,0
ООО Ярче,123456789178,Свиногорье,1999-10-09,2016-10-11,2018-02-14,6975523,1425,False,75,40,0,0
НКО Амплуа,123456789179,Мымрино,2002-12-31,2007-10-22,2016-04-21,5903346,1406,False,53,26,0,0
ООО Веселый шарик,123456789180,Колпино,2010-09-25,2020-11-19,2022-10-01,9621933,1145,False,102,27,2,0
ЗАО Бантик,123456789181,Новая Ляля,2020-06-14,2021-10-10,2022-01-16,8408415,266,False,35,13,0,0
КФХ Сюрприз,123456789182,Пыталово,2011-02-18,2023-01-17,2023-03-24,2862528,1774,False,24,0,0,0
ОАО Живите красиво,123456789183,Козельск,1997-04-14,1997-12-07,2007-09-18,9618660,1231,False,58,11,0,0
НКО До-мажор,123456789184,Новая Ляля,2003-07-23,2012-02-06,2021-07-26,6408740,1256,False,10,2,0,0
НКО Веселый попугай,123456789185,Колпино,2019-01-13,2021-07-16,2022-03-24,3847419,1860,False,1,0,0,0
ООО Обручальное кольцо,123456789186,Мамыри,2016-01-26,2017-05-31,2018-09-17,6948381,478,False,62,18,0,0
ОАО Эльф,123456789187,Барнаул,2019-09-30,2022-12-08,2023-02-09,6129641,1401,False,107,38,0,0
ЗАО Карамель,123456789188,Пыталово,2000-12-25,2015-02-05,2016-02-10,527439,218,False,42,9,5,2
ЗАО Умка,123456789189,Козельск,2012-03-17,2019-03-04,2022-06-01,6164510,1150,False,75,2,0,0
ЗАО Сиреневый слон,123456789190,Свиногорье,1999-07-01,2013-03-03,2018-08-27,2214029,1640,False,10,9,0,0
НКО Мир улыбок,123456789191,Новая Ляля,2018-07-14,2022-02-01,2022-10-03,5335344,622,False,12,10,0,0
КФХ Гармония,123456789192,Новая Ляля,1998-11-25,2008-05-03,2011-01-17,8374200,1497,False,47,17,0,5
ОАО Ваниль,123456789193,Новая Ляля,2015-09-10,2018-05-05,2020-02-20,9927645,1957,False,87,76,0,0
НКО Цветик-Семицветик,123456789194,Свиногорье,2022-05-11,2023-02-23,2023-03-27,6967950,1480,False,82,41,0,2
КФХ Ты и Я,123456789195,Свиногорье,2018-05-07,2023-02-09,2023-02-17,2283551,1515,False,78,42,0,0
ООО Алые паруса,123456789196,Новая Ляля,2004-11-07,2015-08-06,2018-09-05,3638493,191,False,67,39,0,1
ОАО Зазеркалье,123456789197,Новая Ляля,2006-07-09,2014-04-02,2018-07-07,482282,1369,False,31,29,5,0
КФХ Кандидат,123456789198,Свиногорье,2015-12-16,2017-02-05,2021-08-12,7001574,1375,False,101,19,1,1
НКО Крылья амура,123456789199,Мымрино,2019-08-31,2023-02-12,2023-03-09,9418450,146,False,3,0,0,2
ОАО Тыква,123456789200,Новая Ляля,2015-12-15,2022-10-19,2023-01-22,8336918,1965,False,27,3,0,0
ООО Солнечный день,123456789201,Козельск,2003-05-27,2007-12-30,2018-05-03,4064616,1054,False,19,1,0,0
НКО Попрыгушки,123456789202,Мымрино,2009-08-30,2021-01-23,2022-09-27,6983370,1950,False,19,7,5,0
ОАО Мармелад,123456789203,Колпино,2000-09-14,2004-02-27,2023-01-01,928039,1637,False,2,0,0,0
НКО Грусти нет,123456789204,Козельск,2022-08-22,2023-01-29,2023-02-14,6099688,1557,False,59,6,0,0
КФХ Утро марта,123456789205,Барнаул,2011-05-11,2017-01-17,2020-02-28,6490814,917,False,104,98,0,0
НКО Карамболь,123456789206,Нижние Серги,2010-10-29,2015-04-08,2018-01-15,5690981,1232,False,10,5,0,0
КФХ Каприз,123456789207,Колпино,2023-01-30,2023-03-21,2023-03-23,2162564,257,False,43,17,0,0
ООО Элит-шоу,123456789208,Новая Ляля,2003-05-03,2018-09-02,2018-09-07,6702339,1993,False,74,39,0,0
НКО Зайка,123456789209,Новая Ляля,2015-11-03,2021-05-31,2022-08-22,4497380,973,False,107,29,0,0
ОАО Фантастик,123456789210,Новая Ляля,2000-08-25,2009-08-31,2020-07-31,1746957,1151,False,51,41,0,0
НКО Комарик,123456789211,Урюпинск,2000-04-26,2008-05-21,2019-11-15,6329598,727,False,82,33,0,0
КФХ Давай поженимся,123456789212,Урюпинск,2007-01-09,2015-09-11,2022-05-24,4976494,1536,False,83,73,0,0
ЗАО Эврика,123456789213,Нижние Серги,2007-11-17,2019-09-26,2022-09-30,6348163,1025,False,32,22,0,0
КФХ Заводной апельсин,123456789214,Новая Ляля,1999-04-28,2018-07-29,2021-01-11,486930,222,False,70,52,0,5
НКО Крианта,123456789215,Свиногорье,2001-04-21,2006-05-21,2016-02-28,5013815,182,False,48,2,0,0
НКО Ежевика,123456789216,Мымрино,2015-09-07,2022-09-18,2023-03-14,8867158,1467,False,106,48,0,1
ОАО Оскар,123456789217,Барнаул,2006-10-12,2022-06-15,2023-02-02,2312085,435,False,89,88,0,0
ЗАО Росток,123456789218,Урюпинск,2014-04-19,2019-02-09,2020-01-13,7832746,521,False,110,61,0,0
ООО Крепыш,123456789219,Нижние Серги,2020-10-09,2022-04-10,2022-10-10,2934339,586,False,94,28,0,0
ООО Формула настроения,123456789220,Мытищи,2005-09-24,2012-09-05,2020-12-14,5074330,706,False,50,11,0,0
КФХ Калейдоскоп,123456789221,Урюпинск,1997-12-23,2016-04-06,2020-02-10,2136896,236,False,86,46,0,2
ЗАО Чародеи,123456789222,Урюпинск,2012-03-07,2012-04-13,2019-12-19,1844163,991,False,56,52,0,0
ЗАО Академия чудес,123456789223,Мытищи,2011-04-28,2016-03-23,2021-06-18,6170445,357,False,13,9,0,0
ООО Елочка,123456789224,Свиногорье,2016-07-29,2022-06-24,2022-09-17,5630092,221,False,71,31,0,0
КФХ Веселый ананас,123456789225,Барнаул,2013-09-22,2014-07-06,2020-03-21,7894823,148,False,7,6,0,0
КФХ Любимые дети,123456789226,Урюпинск,2020-10-08,2021-04-12,2021-05-25,5412412,863,False,54,13,0,0
ЗАО Фабрика развлечений,123456789227,Мытищи,1998-04-01,2006-11-13,2015-02-19,9753620,165,False,6,3,0,0
ОАО Империя праздника,123456789228,Нижние Серги,2017-05-11,2019-07-27,2022-09-21,3522336,1582,False,16,0,0,0
ОАО Прожектор,123456789229,Урюпинск,2017-01-23,2018-01-27,2023-01-05,7212189,104,False,96,26,0,1
КФХ Идея,123456789230,Пыталово,2021-07-02,2021-11-20,2022-05-06,6107360,1901,False,17,8,0,0
ОАО Браво бис,123456789231,Свиногорье,2009-09-17,2009-12-09,2013-11-24,6826759,624,False,24,7,0,0
КФХ Волшебная страна,123456789232,Урюпинск,1997-08-23,2003-03-14,2023-03-16,8759088,616,False,97,22,5,0
ООО Шарман,123456789233,Нижние Серги,2007-01-30,2012-08-30,2022-11-27,6047153,1200,False,76,59,0,0
ЗАО Колобок,123456789234,Урюпинск,2002-09-10,2020-07-30,2021-12-05,6282661,1043,False,44,32,0,0
ЗАО Баклажанчик,123456789235,Свиногорье,2003-03-23,2022-01-09,2022-10-09,6344614,310,False,4,2,0,0
ООО Комильфо,123456789236,Барнаул,2011-09-30,2013-07-03,2022-05-12,3064183,1238,False,19,10,0,0
НКО Вишня,123456789237,Колпино,2008-11-04,2019-07-24,2020-05-14,1001740,147,False,92,46,2,0
ЗАО Клюква,123456789238,Новая Ляля,2007-06-09,2014-12-08,2018-09-20,2953256,1737,False,28,17,0,0
НКО Арт-Пикник,123456789239,Козельск,2009-09-12,2009-11-11,2011-03-04,6739171,117,False,6,5,0,0
КФХ Шумгам,123456789240,Мымрино,2021-03-18,2023-01-21,2023-03-09,4894404,1506,False,37,33,0,0
ООО Бонжур,123456789241,Новая Ляля,2021-06-30,2022-07-05,2022-10-22,2889253,1708,False,42,35,2,0
ООО Тополек,123456789242,Пыталово,2017-03-12,2020-06-07,2023-01-17,9411463,819,False,106,29,0,5
ООО Оранжевая зебра,123456789243,Свиногорье,2020-10-25,2022-02-08,2022-12-03,3113997,729,False,75,13,0,0
ООО Праздник от души,123456789244,Мымрино,2014-02-01,2022-10-11,2022-12-11,3287592,962,True,102,97,0,0
НКО Модный праздник,123456789245,Мытищи,2008-01-31,2022-12-27,2023-01-18,8319777,609,False,96,57,1,0
НКО Чебурашка,123456789246,Козельск,2019-01-21,2020-01-15,2020-06-09,8071618,1290,False,74,49,0,1
ЗАО Павлин,123456789247,Пыталово,2022-04-16,2023-03-28,2023-04-02,6063497,1233,False,21,19,0,0
ООО Горница Узорница,123456789248,Мытищи,2022-07-25,2023-03-17,2023-03-21,3248104,1069,False,52,9,0,0
ЗАО Филиппок,123456789249,Барнаул,2003-03-12,2009-09-04,2014-01-30,1810477,1590,False,40,22,0,0
ОАО Чунга-чанга,123456789250,Козельск,2000-05-08,2001-05-30,2018-03-12,7371874,1354,False,61,34,0,0
ЗАО Фантазия,123456789251,Мамыри,2009-04-24,2020-02-28,2020-09-16,747329,1499,False,66,15,0,0
ЗАО Лисенок,123456789252,Свиногорье,1997-09-07,2019-04-06,2019-05-28,5394096,408,False,29,14,0,0
ОАО Фортуна,123456789253,Мымрино,2010-01-06,2021-05-12,2021-06-01,1540990,1734,False,83,55,0,0
ЗАО Необыкновенное чудо,123456789254,Козельск,2013-03-20,2019-06-01,2019-06-06,3781584,1585,False,36,18,0,0
ООО Прогуляй,123456789255,Мамыри,1998-01-21,2014-05-25,2019-12-02,2665674,1640,False,63,17,0,0
ООО Алые паруса,123456789256,Пыталово,2005-06-20,2014-06-15,2020-05-17,6334616,947,False,103,21,0,0
ЗАО Леопольд,123456789257,Колпино,2017-09-22,2021-02-07,2021-07-11,1486648,1061,False,80,45,0,0
КФХ Арт-Формула,123456789258,Козельск,2001-10-13,2016-07-25,2019-03-04,2438091,1042,False,11,4,0,0
КФХ Цветик,123456789259,Козельск,2008-09-17,2021-02-16,2022-07-31,3488015,1275,False,2,0,0,0
КФХ Алиса,123456789260,Барнаул,2022-07-30,2022-09-12,2022-10-10,5293873,1784,False,63,26,0,0
ОАО Акуна Матата,123456789261,Новая Ляля,2013-01-14,2014-06-04,2016-02-07,2059703,840,False,58,6,2,0
ООО Бум-Пати,123456789262,Мымрино,2013-05-05,2018-06-30,2022-04-02,1430545,1433,False,59,26,1,0
ООО Ассорти,123456789263,Барнаул,2022-10-03,2023-01-24,2023-01-26,2521266,1270,False,80,38,0,0
ОАО Соло плюс,123456789264,Свиногорье,2005-02-07,2009-03-11,2020-10-13,8644411,473,False,103,34,0,0
КФХ Доминанта,123456789265,Мамыри,2006-07-04,2009-03-11,2012-10-07,8658728,1437,False,34,21,0,0
ООО Арт-Лэнд,123456789266,Барнаул,1999-12-18,2006-01-03,2010-10-28,7630086,1541,False,18,11,0,0
ЗАО Мастерская чудес,123456789267,Барнаул,2019-02-26,2022-07-22,2022-12-11,5089204,1920,False,47,28,1,2
КФХ Наследник,123456789268,Мамыри,2003-01-22,2011-09-02,2020-04-09,2433387,1004,False,60,50,0,0
НКО Веселый апельсин,123456789269,Новая Ляля,2022-05-26,2022-12-24,2023-01-27,6072535,1121,True,60,48,0,0
КФХ Улыбка,123456789270,Мамыри,2018-12-19,2022-12-20,2023-02-04,3245155,1726,False,74,30,0,5
ЗАО Каррамба,123456789271,Мытищи,2002-07-20,2006-04-23,2019-08-10,8586225,262,False,21,0,0,0
ОАО Куб,123456789272,Козельск,2003-03-30,2007-05-08,2022-10-28,7568922,1410,False,20,15,0,0
КФХ Млечный путь,123456789273,Мамыри,2020-07-02,2023-02-22,2023-04-01,1910142,150,False,87,10,0,0
НКО Карамелька,123456789274,Новая Ляля,1998-07-23,2021-06-23,2022-06-15,6511853,934,False,28,10,0,0
ЗАО Миллениум,123456789275,Мытищи,2019-05-04,2020-03-05,2021-08-21,1195873,131,False,45,39,0,0
КФХ Капитан,123456789276,Барнаул,2016-07-18,2023-02-20,2023-03-23,5509132,1977,False,13,8,1,0
ОАО Ирика,123456789277,Урюпинск,2009-12-04,2020-07-10,2023-03-23,4434152,922,False,64,13,0,0
ООО Калейдоскоп чудес,123456789278,Колпино,2017-07-28,2023-01-30,2023-02-15,2581415,1777,False,67,10,0,1
ОАО Полярная сказка,123456789279,Нижние Серги,1998-02-17,2022-11-03,2023-01-04,8717537,131,False,104,51,0,0
ОАО Журавушка,123456789280,Новая Ляля,2006-07-29,2006-10-31,2009-07-05,3642542,637,False,73,38,0,0
ЗАО Фан Холидей,123456789281,Урюпинск,1997-07-16,2020-08-01,2022-05-06,2676825,1344,False,87,22,0,0
ООО Планета детства,123456789282,Пыталово,2004-05-14,2015-09-26,2016-12-24,5569082,766,False,107,25,0,5
ООО Счастье есть,123456789283,Пыталово,2020-12-15,2022-08-20,2023-03-22,6764408,1375,False,63,54,0,0
ОАО Ивушка,123456789284,Пыталово,2010-02-18,2017-04-23,2022-12-29,5593776,754,False,27,7,0,0
ЗАО Оливье,123456789285,Пыталово,2020-06-08,2020-08-12,2021-04-27,6380397,1671,False,3,1,0,0
КФХ Шатлык,123456789286,Пыталово,2016-09-10,2017-04-13,2023-03-31,6187267,1071,False,17,5,0,2
ООО Варенье,123456789287,Свиногорье,2004-06-16,2007-10-26,2008-12-03,2792265,1174,False,29,12,0,0
ЗАО Кнопочка,123456789288,Свиногорье,2001-03-16,2009-01-16,2021-05-28,6644476,1582,False,13,11,5,2
НКО Триумфо,123456789289,Пыталово,2002-02-28,2008-08-01,2008-10-13,9456852,947,False,92,89,0,0
НКО Созвездие,123456789290,Пыталово,2010-02-04,2013-03-12,2016-03-31,2169400,1973,False,11,1,0,0
ЗАО Счастливый случай,123456789291,Пыталово,2021-04-06,2021-08-26,2022-09-20,6542629,1718,False,45,8,0,0
НКО Вам на радость,123456789292,Колпино,2016-05-03,2018-11-30,2021-09-06,7776590,1701,True,96,49,0,0
КФХ Дельфинчик,123456789293,Новая Ляля,2005-10-12,2012-10-26,2018-08-09,3982091,1732,False,101,39,0,0
ООО Цветик-семицветик,123456789294,Барнаул,2002-05-23,2013-01-06,2013-08-17,1367325,531,False,16,1,0,0
ОАО Аэробус,123456789295,Барнаул,2008-07-08,2019-07-02,2022-08-16,4020722,1063,False,34,25,0,0
ЗАО Первый провайдер,123456789296,Мамыри,1997-08-14,1999-02-08,2003-06-25,4636662,1922,False,86,33,0,0
ООО Пингвиненок,123456789297,Новая Ляля,2020-11-20,2021-01-25,2021-11-25,706122,200,False,72,40,0,0
НКО Яркий праздник,123456789298,Новая Ляля,2022-10-01,2023-03-25,2023-03-31,1932985,508,False,39,9,0,0
ОАО Бутик веселья,123456789299,Урюпинск,2020-03-11,2022-09-01,2022-12-01,7108591,1023,False,85,36,0,0
ООО Всегда радуйтесь!,123456789300,Нижние Серги,2000-07-12,2004-07-11,2022-07-11,6086564,780,False,31,4,0,0
ЗАО Регаль,123456789301,Мымрино,1997-08-20,2021-10-14,2021-10-17,2958010,648,False,104,30,1,0
ЗАО Роза,123456789302,Колпино,2017-06-05,2017-07-05,2021-07-06,1742422,1328,False,56,54,1,0
ОАО Персонаж,123456789303,Козельск,2006-09-28,2014-11-29,2015-08-08,6030232,259,False,66,24,0,0
ОАО Белочка,123456789304,Урюпинск,2001-09-05,2009-10-24,2022-11-27,7108891,1152,False,5,2,0,0
НКО Незнайка,123456789305,Урюпинск,2021-09-23,2022-08-24,2023-02-09,7798587,358,False,30,20,0,0
ООО Чудо-День,123456789306,Нижние Серги,2006-06-19,2008-12-22,2018-02-27,9550833,1039,False,76,4,0,0
НКО Праздник детства,123456789307,Мымрино,2020-03-06,2021-12-28,2022-05-04,5993343,887,False,79,58,0,2
ООО Оранжевый ёжик,123456789308,Нижние Серги,2000-12-27,2010-05-23,2014-12-16,8172945,1311,False,10,1,5,0
КФХ Лилитоп,123456789309,Новая Ляля,2010-08-03,2021-03-24,2021-10-24,7662518,1118,False,63,10,0,0
ОАО Счастливая свадьба,123456789310,Пыталово,1999-10-18,2021-05-06,2022-03-30,195963,82,False,71,57,0,0
ЗАО Гуляй душа,123456789311,Колпино,1997-08-19,2005-05-21,2013-05-07,2356331,1952,False,30,7,0,0
ООО Пчелка,123456789312,Свиногорье,2000-12-18,2011-07-18,2022-08-25,4100037,1840,False,40,25,0,0
ОАО Эксклюзив,123456789313,Мытищи,2014-06-01,2020-10-31,2021-09-18,1070719,1161,False,43,24,0,0
ОАО Маленькая страна,123456789314,Урюпинск,2006-11-12,2017-08-23,2021-02-18,3158068,1995,False,0,0,0,5
ООО Гольфстрим,123456789315,Урюпинск,1998-11-09,2017-12-05,2022-06-16,7404994,324,False,23,6,0,0
НКО Семь гномов,123456789316,Мымрино,2009-12-13,2017-10-05,2023-02-17,1234670,1987,False,66,39,0,0
ООО Диал,123456789317,Свиногорье,2021-03-10,2022-08-12,2023-01-20,8865451,712,False,57,12,0,1
ООО Дивоарт,123456789318,Новая Ляля,2019-06-30,2021-10-09,2023-03-30,7974484,501,False,68,7,0,0
НКО Белый ангел,123456789319,Свиногорье,2014-06-12,2020-10-09,2021-04-24,6179243,723,False,33,22,0,0
КФХ Маэстро,123456789320,Козельск,2007-06-22,2020-10-03,2022-08-15,4824517,704,False,74,19,0,0
ОАО Трио,123456789321,Мытищи,2000-08-24,2023-03-26,2023-03-27,2616202,1831,False,50,24,5,0
НКО Твой день,123456789322,Колпино,2000-03-04,2005-01-19,2006-02-02,6513919,822,False,57,47,5,0
ОАО Фаворит,123456789323,Козельск,2000-04-30,2013-02-03,2016-08-30,7492659,1014,False,104,61,0,0
ЗАО Улыбка,123456789324,Барнаул,2005-06-12,2005-12-23,2021-12-01,3710324,779,False,13,0,0,0
ОАО Светлячок,123456789325,Новая Ляля,2015-08-14,2022-03-15,2022-06-18,8527457,91,False,56,11,0,0
КФХ Декарт,123456789326,Козельск,2000-06-11,2011-09-15,2021-09-11,5126234,1650,False,101,7,0,0
НКО Балагур,123456789327,Мымрино,1997-12-24,2023-02-19,2023-03-25,3540313,1478,False,39,29,1,0
ООО Кавардак,123456789328,Новая Ляля,1999-10-08,2016-09-21,2019-09-22,4999251,1866,False,4,3,2,0
ОАО Колибри,123456789329,Колпино,2004-04-03,2017-03-07,2019-02-19,5508851,693,False,10,9,1,0
ООО Эдельвейс,123456789330,Мытищи,2000-04-05,2007-08-17,2018-06-07,6284938,230,False,33,22,0,0
КФХ Польза,123456789331,Козельск,2006-10-14,2022-12-16,2023-01-24,8708595,1040,False,94,25,0,0
КФХ Мегашоу,123456789332,Мытищи,2014-05-23,2016-07-12,2022-07-09,1492940,572,False,66,14,0,0
КФХ Трубадур,123456789333,Новая Ляля,2013-12-24,2021-09-30,2022-04-21,7739607,1686,False,17,14,0,0
ЗАО Праздничный мир,123456789334,Мымрино,1998-10-21,2011-08-19,2018-12-30,4237723,256,False,87,14,0,0
НКО Эдельвейс,123456789335,Урюпинск,2018-09-10,2022-06-20,2022-09-27,8160724,133,False,36,8,0,0
ОАО Фурор,123456789336,Мытищи,1997-09-17,2010-04-11,2018-03-11,9543045,764,False,40,6,0,0
ООО Арбуз,123456789337,Мымрино,2011-05-14,2013-03-16,2018-05-10,2411037,11,False,92,14,5,0
НКО Праздник в радость,123456789338,Новая Ляля,2017-01-04,2018-11-09,2022-10-05,1167851,210,True,59,53,0,0
ЗАО Господин Оформитель,123456789339,Новая Ляля,2006-05-16,2013-02-23,2019-12-01,438461,565,True,104,23,0,2
ООО Самый лучший день,123456789340,Пыталово,1997-06-12,2013-01-23,2018-07-30,603048,1130,False,7,2,0,0
НКО Фабрика решений,123456789341,Новая Ляля,2001-09-15,2012-06-08,2018-11-05,2550480,1588,False,69,60,0,0
ОАО Пряники,123456789342,Нижние Серги,2014-01-07,2020-08-20,2022-08-19,5680208,998,False,106,22,0,0
НКО Роза ветров,123456789343,Мытищи,2016-09-16,2021-08-31,2022-01-12,6427417,199,False,106,28,2,0
НКО Буги-Вуги,123456789344,Мамыри,2013-04-11,2022-02-10,2023-03-16,6744291,725,False,31,21,1,2
ООО Хорошее настроение,123456789345,Урюпинск,2022-10-26,2023-03-04,2023-03-22,1294053,1175,False,47,21,0,0
КФХ Ля-Фигаро,123456789346,Нижние Серги,2014-05-04,2018-12-31,2019-06-29,7528865,1161,False,44,21,0,0
НКО Малышок,123456789347,Колпино,2006-01-18,2013-01-30,2017-03-16,534286,1765,False,53,3,2,0
КФХ Студия чудес,123456789348,Пыталово,2010-08-07,2020-01-07,2021-02-10,6195844,213,False,75,20,0,0
ОАО Ромашка,123456789349,Мытищи,2007-06-24,2009-11-20,2017-09-05,1408493,1493,False,74,55,0,0
НКО Цирк,123456789350,Колпино,1998-05-15,2008-01-21,2009-09-01,9207262,347,False,73,7,0,0
ООО Киви,123456789351,Нижние Серги,2022-03-26,2022-04-16,2022-09-16,4420747,1619,False,0,0,5,0
КФХ Самарики,123456789352,Нижние Серги,2014-11-13,2022-02-26,2022-06-04,8279451,1945,False,76,65,0,0
ЗАО Гуляй по-русски,123456789353,Колпино,2019-08-15,2022-11-29,2023-01-09,108166,538,False,16,10,0,0
ООО Желтый карандаш,123456789354,Барнаул,1999-12-24,2006-03-19,2010-11-30,980907,906,False,88,14,0,0
ОАО Топ-топ,123456789355,Свиногорье,2018-04-18,2018-07-21,2021-02-09,3636519,1357,False,17,6,0,0
ЗАО Ля Мур,123456789356,Новая Ляля,2006-04-13,2009-04-28,2012-12-19,6587474,1099,False,92,42,0,0
НКО Конферансъ,123456789357,Барнаул,2021-10-30,2022-12-09,2023-02-05,1765895,1996,False,99,2,0,1
КФХ Счастливое детство,123456789358,Мымрино,2019-07-10,2020-06-06,2022-11-25,2755120,735,False,73,58,0,0
ООО Банкет,123456789359,Козельск,2000-08-30,2006-08-18,2022-05-20,9706561,1595,False,33,16,0,2
ОАО Простоквашино,123456789360,Новая Ляля,2005-11-13,2009-11-26,2018-08-11,1962122,739,False,48,46,0,0
ООО Семь чудес,123456789361,Мымрино,2003-01-21,2019-12-15,2021-09-29,2090608,1151,False,47,30,0,0
КФХ Яблонька,123456789362,Пыталово,2004-01-25,2010-07-02,2021-06-30,5608656,648,False,76,66,0,0
ЗАО Кенгуренок,123456789363,Козельск,2015-08-25,2019-02-15,2020-05-06,6704189,45,False,10,4,0,0
НКО Юла,123456789364,Пыталово,2008-05-19,2013-03-26,2019-02-16,7491150,613,False,49,6,5,0
ОАО Успех,123456789365,Пыталово,2017-02-18,2019-09-26,2021-02-10,9835775,1415,False,18,6,0,0
ООО Шаровары,123456789366,Нижние Серги,2000-08-03,2013-08-15,2020-05-28,9416901,348,False,68,63,0,0
ОАО Территория игры,123456789367,Урюпинск,2013-06-06,2021-08-31,2022-05-27,5233334,1742,False,29,4,0,0
ЗАО Праздник у ворот,123456789368,Урюпинск,2006-12-28,2016-07-21,2022-07-17,4570648,243,False,85,12,0,0
КФХ Мир сказки,123456789369,Козельск,2010-04-12,2012-06-03,2016-06-08,5746002,401,False,8,5,0,0
ЗАО Космос,123456789370,Урюпинск,2010-02-24,2014-01-30,2020-11-09,3582552,932,False,89,33,0,0
ООО Ладушки,123456789371,Свиногорье,2018-12-22,2022-10-26,2023-01-21,8428635,1426,False,37,2,0,0
ОАО Корпорация позитива,123456789372,Мамыри,2003-03-13,2006-04-28,2018-10-03,761627,1326,False,71,35,0,5
НКО Чудо-град,123456789373,Новая Ляля,2003-01-29,2019-06-01,2022-04-21,1142584,947,False,103,74,0,0
КФХ Е-праздник,123456789374,Урюпинск,2020-04-14,2021-12-11,2022-05-08,8926119,1014,False,29,23,0,0
ЗАО Пион,123456789375,Новая Ляля,1999-09-17,1999-10-10,2018-10-27,436135,939,False,69,10,2,0
ОАО Арт-Микс,123456789376,Нижние Серги,2008-01-25,2011-10-20,2022-06-11,7458381,1920,False,17,7,0,0
ООО Юниор,123456789377,Свиногорье,2009-10-30,2012-07-08,2017-08-15,8445847,1012,False,32,29,0,0
НКО Академия развлечений,123456789378,Мытищи,2016-01-26,2019-08-26,2020-10-28,7216750,1463,False,22,16,0,0
ООО Развеселим,123456789379,Мымрино,1999-10-18,2016-03-02,2017-03-08,8387295,537,False,42,25,1,0
ООО Сказка в дом,123456789380,Новая Ляля,2009-06-09,2014-07-02,2022-11-07,899991,278,False,35,34,0,0
ООО Росинка,123456789381,Новая Ляля,2019-08-10,2021-09-07,2022-10-31,4156606,1783,False,38,27,0,0
КФХ Амфион,123456789382,Мамыри,2010-09-03,2016-09-24,2018-11-23,8583351,138,False,64,2,0,0
ОАО Волшебство,123456789383,Нижние Серги,2001-10-24,2010-08-01,2012-12-01,2523780,672,False,89,3,5,0
ОАО Восторг,123456789384,Колпино,2005-03-21,2015-01-10,2016-03-25,2560595,399,False,0,0,0,0
ЗАО Улыбнись,123456789385,Козельск,2015-07-29,2015-11-19,2018-03-31,9004492,1530,False,31,21,1,5
ЗАО Гименей,123456789386,Барнаул,1999-12-24,2013-08-22,2018-08-19,2315092,1354,False,23,10,2,0
НКО Абрикос,123456789387,Мытищи,1998-11-16,2007-11-30,2015-02-14,217322,1672,True,29,24,0,0
ЗАО Пан-Барон,123456789388,Колпино,1998-03-29,2013-06-15,2022-05-28,4503788,897,False,104,21,5,0
ООО Ягодка,123456789389,Новая Ляля,2019-11-01,2021-03-21,2021-07-04,1847267,136,False,87,7,0,0
ООО Эклер,123456789390,Новая Ляля,2004-02-14,2022-08-01,2023-03-22,8278900,1237,False,46,39,0,0
КФХ Капитошка,123456789391,Урюпинск,2016-05-19,2019-06-21,2020-08-19,758197,1152,False,14,10,0,0
НКО Феерия эмоций,123456789392,Урюпинск,2018-08-07,2018-11-04,2019-07-01,1052476,317,False,104,18,0,0
ОАО Шоколад,123456789393,Новая Ляля,2009-02-15,2013-06-12,2014-04-23,550748,940,False,27,10,2,5
ЗАО Кузнечик,123456789394,Козельск,2014-05-25,2020-10-13,2021-07-15,3585754,38,False,85,19,0,0
КФХ Карусель желаний,123456789395,Барнаул,2022-04-29,2022-06-17,2022-09-29,4353871,357,False,25,9,0,0
ООО Тедди Дом,123456789396,Мымрино,2001-08-07,2022-02-04,2022-12-04,5896224,253,False,82,2,0,0
НКО Артекс,123456789397,Козельск,2013-02-11,2021-08-05,2021-08-21,1064731,1356,False,16,13,0,0
ООО Восход,123456789398,Мымрино,2002-04-08,2013-06-27,2017-09-21,5700934,1688,False,94,75,0,5
ОАО Рандеву,123456789399,Козельск,2016-11-23,2020-05-27,2023-03-13,5955946,1534,False,47,37,0,0
ЗАО Королевский двор,123456789400,Барнаул,2001-12-23,2006-04-11,2016-10-03,1882864,1263,False,45,26,0,0
ОАО Счастье,123456789401,Новая Ляля,2008-06-09,2022-02-14,2022-02-16,621113,1321,False,44,8,0,0
НКО Фестиваль-парк,123456789402,Мамыри,1997-04-13,2001-02-11,2002-12-08,9844457,1073,False,76,42,0,0
ОАО Паритет,123456789403,Мытищи,2008-06-19,2021-07-28,2023-01-31,4542342,1562,False,46,5,1,0
ЗАО Мир торжеств,123456789404,Новая Ляля,2019-06-22,2023-01-13,2023-01-23,1051247,514,False,96,91,0,0
НКО Сумасшедшая наука,123456789405,Урюпинск,1998-05-09,2015-08-30,2022-09-12,948859,1323,False,95,68,0,0
НКО Ирис,123456789406,Пыталово,2017-02-19,2022-07-10,2022-11-14,238931,505,False,61,6,0,0
ЗАО Веснушки,123456789407,Урюпинск,2012-09-10,2018-08-19,2020-04-28,2952065,183,False,93,91,0,0
ОАО Сосенка,123456789408,Колпино,2014-09-22,2017-10-15,2019-05-08,4300501,1608,False,50,39,0,0
ОАО На волне,123456789409,Мытищи,2012-02-01,2019-04-23,2022-09-24,9860569,35,False,75,71,0,0
ООО Кокос,123456789410,Урюпинск,2003-11-25,2019-08-30,2022-01-07,1925744,978,False,63,2,0,0
НКО Ри Шар,123456789411,Свиногорье,2003-11-06,2017-12-03,2021-10-06,9761335,951,False,28,10,1,0
НКО Априори,123456789412,Нижние Серги,2016-03-03,2016-06-22,2016-09-15,2676595,774,True,23,5,0,5
ООО Декортье,123456789413,Мымрино,1999-06-24,2003-12-19,2018-11-20,3387691,971,False,63,22,0,5
КФХ Буратино,123456789414,Колпино,2018-02-21,2019-09-11,2019-09-27,4716355,108,False,3,1,0,0
КФХ Бурбон,123456789415,Козельск,2016-08-28,2018-03-08,2021-05-13,2519356,378,False,74,57,0,2
НКО Капитошка,123456789416,Барнаул,2015-08-03,2017-05-22,2018-12-23,7047603,1825,False,18,2,0,0
КФХ Белый павлин,123456789417,Свиногорье,2017-08-14,2022-12-12,2023-01-30,9870299,1426,False,71,66,1,0
ЗАО Огни города,123456789418,Колпино,2006-11-11,2021-01-07,2021-08-11,6361265,1286,False,42,19,0,5
ЗАО Карапуз,123456789419,Мытищи,2000-02-26,2011-08-29,2014-05-21,2644979,110,False,95,67,0,0
ЗАО Малышка,123456789420,Нижние Серги,2003-10-20,2023-01-10,2023-03-28,9007268,601,False,0,0,0,0
ОАО Бамбуча,123456789421,Новая Ляля,2004-10-26,2019-05-03,2021-02-25,5274588,1181,False,29,18,0,0
НКО Формула праздника,123456789422,Новая Ляля,1998-02-14,2020-06-21,2021-12-01,6670624,916,False,84,20,0,0
НКО Вишенка,123456789423,Нижние Серги,2004-04-28,2007-08-21,2023-03-06,5878711,854,False,83,24,0,0
ОАО Арт-Бум,123456789424,Козельск,2022-07-07,2022-12-08,2023-02-16,7794398,543,False,9,0,0,0
ООО Бенефис,123456789425,Колпино,2012-08-15,2022-11-03,2022-11-29,2916622,1304,False,35,16,0,0
КФХ Торжество,123456789426,Нижние Серги,2014-06-24,2021-09-27,2022-11-02,678810,1795,False,42,10,5,0
КФХ Жюль Верн,123456789427,Нижние Серги,2000-05-28,2022-01-13,2022-05-15,7795495,1496,False,46,13,0,0
ЗАО Аленка,123456789428,Новая Ляля,1997-12-03,2007-12-13,2008-09-20,3528919,544,False,84,81,5,0
НКО Кристалл,123456789429,Новая Ляля,2021-04-13,2021-07-31,2022-09-03,9595982,615,False,79,68,0,0
НКО Акватория,123456789430,Мамыри,2014-07-22,2018-04-02,2022-01-01,8388287,1016,False,9,7,0,2
ОАО Чизз,123456789431,Барнаул,2009-09-05,2020-11-02,2021-06-11,3450471,251,False,76,6,0,0
ООО Аистенок,123456789432,Мымрино,2012-09-04,2023-01-13,2023-01-14,161320,655,False,42,29,0,0
ООО Артпир,123456789433,Свиногорье,2006-10-02,2015-04-19,2015-12-26,1369485,943,False,67,24,0,0
ОАО Первые шаги,123456789434,Нижние Серги,2015-10-05,2016-04-07,2019-10-10,8724579,1457,False,107,56,2,0
ОАО Остров сокровищ,123456789435,Нижние Серги,1997-05-25,2001-08-25,2002-04-15,6199109,678,False,78,7,0,0
ОАО Бонифаций,123456789436,Свиногорье,2002-11-29,2004-02-23,2012-05-15,15492,717,False,13,8,0,0
КФХ Матрёшка,123456789437,Колпино,2004-09-17,2014-04-13,2015-03-27,1157235,882,False,110,77,0,0
ЗАО Эврика,123456789438,Урюпинск,2023-03-17,2023-03-22,2023-03-25,3247929,1535,False,61,33,0,0
НКО Море шоу,123456789439,Мымрино,2018-02-08,2018-11-21,2019-12-22,1393210,406,False,65,56,0,0
КФХ Чудный вечер,123456789440,Мамыри,2009-09-18,2021-06-11,2022-10-12,629574,1796,False,3,1,0,0
КФХ Лето,123456789441,Нижние Серги,2010-01-15,2014-10-05,2019-01-29,4798333,1045,False,19,15,0,0
ООО Большой бум,123456789442,Колпино,2000-09-11,2010-06-15,2018-07-30,9018703,128,False,32,24,0,5
ОАО Журавлик,123456789443,Новая Ляля,2009-08-29,2011-09-16,2013-11-07,2445105,1486,False,80,48,0,0
ОАО Алиса,123456789444,Мытищи,2017-12-14,2019-07-24,2022-05-25,1668266,166,False,69,28,0,2
НКО Праздничный сервис,123456789445,Мытищи,2003-02-01,2006-02-23,2019-12-29,2305468,783,False,7,0,0,0
ЗАО Волшебники,123456789446,Барнаул,2011-01-08,2021-10-03,2022-01-27,8950086,362,False,5,0,0,0
НКО Журавленок,123456789447,Новая Ляля,2005-06-23,2009-09-10,2012-02-23,5398108,1492,False,30,29,1,0
КФХ Римский карнавал,123456789448,Козельск,2012-06-19,2015-02-04,2017-01-01,68793,1437,False,39,38,0,1
НКО Умница,123456789449,Нижние Серги,2007-01-08,2008-10-04,2020-11-21,1962613,1374,False,80,14,0,0
ООО Ягодки,123456789450,Новая Ляля,2018-01-14,2018-01-27,2020-05-13,5884073,997,False,73,69,5,1
ОАО Браво-брависсимо,123456789451,Свиногорье,2008-05-29,2021-06-08,2021-08-11,4428246,1618,False,3,1,0,5
ООО Леджеро,123456789452,Мытищи,2022-06-08,2022-10-31,2022-12-12,1786665,706,False,40,36,1,2
ЗАО Алтын,123456789453,Свиногорье,2015-07-22,2017-09-16,2020-12-04,5197278,1294,False,32,29,0,2
ОАО Рыжий кот,123456789454,Урюпинск,2013-04-10,2022-10-15,2023-02-04,4597410,746,False,55,40,0,1
КФХ Детвора,123456789455,Мамыри,2018-08-08,2022-05-30,2022-07-21,7152525,1760,False,6,2,0,0
ЗАО Теремок,123456789456,Новая Ляля,2008-10-26,2014-04-30,2021-03-12,5580559,1641,False,19,12,0,0
НКО Сказка,123456789457,Новая Ляля,2018-11-01,2021-08-04,2022-02-26,7972754,886,False,68,41,2,0
НКО Два сердца,123456789458,Мамыри,2014-11-02,2020-03-19,2022-07-24,5060748,843,False,32,2,0,5
ЗАО Шар Шарыч,123456789459,Мамыри,2019-08-21,2022-08-02,2022-10-15,5674347,928,False,51,3,0,0
ООО Адмирал,123456789460,Козельск,1997-09-14,2004-12-20,2005-11-21,2424559,112,False,54,3,0,0
ЗАО Тридевятое царство,123456789461,Мамыри,2016-09-16,2022-09-03,2022-12-29,5778450,1453,False,17,12,0,0
КФХ Рио,123456789462,Мымрино,2014-04-25,2020-06-22,2020-12-16,9999840,515,False,74,69,0,1
НКО Карандаш,123456789463,Колпино,2023-03-08,2023-03-16,2023-03-21,9040246,287,True,10,5,1,0
КФХ Академия Почемучки,123456789464,Мытищи,2008-10-31,2015-04-30,2019-09-22,4722406,1147,False,41,7,0,0
НКО Легко,123456789465,Мымрино,2006-07-27,2012-12-16,2019-04-04,6803739,1793,False,60,25,0,0
ОАО Ералаш,123456789466,Мымрино,2006-09-13,2018-10-17,2020-07-15,926709,886,False,56,41,0,1
КФХ Аншлаг,123456789467,Свиногорье,1999-02-26,2019-09-17,2022-12-04,3463997,810,False,66,6,0,0
КФХ Маскин-шоу,123456789468,Козельск,2006-08-10,2007-07-25,2015-09-29,7968483,1416,False,93,58,0,2
ОАО Успех,123456789469,Барнаул,2010-04-04,2013-06-06,2021-01-11,8806111,1710,False,90,60,0,0
КФХ Колесница судеб,123456789470,Козельск,2013-08-23,2018-07-30,2020-06-24,758416,1390,False,80,36,0,0
НКО Ералашка,123456789471,Свиногорье,2019-03-05,2021-08-22,2022-01-11,3225935,1090,False,105,70,0,0
ООО Кураж,123456789472,Нижние Серги,2007-04-22,2020-10-14,2022-09-11,2272526,1956,False,103,65,0,5
НКО Опа!,123456789473,Урюпинск,2017-10-05,2023-03-30,2023-04-01,6233981,1061,False,76,47,0,0
ОАО Амадея,123456789474,Козельск,1998-12-05,2008-01-07,2008-04-28,6031206,1166,False,85,84,0,0
ЗАО Жемчужина,123456789475,Барнаул,2008-04-04,2021-12-29,2022-09-27,8865459,1557,False,12,3,0,2
НКО Дирижер,123456789476,Мамыри,2001-11-27,2021-02-25,2021-11-17,4700110,1542,False,89,57,0,0
ОАО Антошка,123456789477,Козельск,2008-01-25,2016-11-19,2019-11-08,7832789,1835,False,80,47,0,0
КФХ Радость моя!,123456789478,Колпино,2019-01-19,2021-10-01,2022-08-28,6105281,543,False,69,50,1,2
НКО Дата,123456789479,Мытищи,2021-02-09,2023-03-06,2023-03-17,8475618,736,False,79,32,0,1
ОАО Амур,123456789480,Колпино,2021-12-02,2023-02-06,2023-02-08,609182,1683,False,86,35,0,0
ЗАО Счастливая улыбка,123456789481,Мамыри,2002-02-23,2016-04-11,2021-10-18,9419030,1471,False,73,25,0,0
ЗАО Мульти-пульти,123456789482,Свиногорье,1999-05-20,1999-06-21,2017-07-06,1577399,1576,False,11,6,0,0
ОАО Чудесная страна,123456789483,Мытищи,2021-09-26,2022-08-22,2023-01-02,3588709,744,False,33,14,0,0
ЗАО Веснушки,123456789484,Козельск,2019-05-03,2021-05-31,2022-08-23,6220524,803,False,39,36,2,0
НКО Маскарад,123456789485,Барнаул,2002-09-01,2005-07-18,2012-06-23,4725169,345,False,67,56,0,0
ЗАО Праздник всем,123456789486,Козельск,2003-08-30,2009-02-27,2013-06-01,4373278,1500,False,18,16,0,0
ЗАО Артфиеста,123456789487,Колпино,2016-07-01,2021-04-14,2022-05-20,5558661,434,False,57,55,0,0
КФХ Леди-Фуршет,123456789488,Свиногорье,2012-07-01,2012-08-06,2017-10-30,5798920,1580,False,46,35,1,0
ОАО Артбуз,123456789489,Колпино,2020-08-30,2021-03-16,2022-12-29,8840031,639,False,59,57,0,1
НКО Искусство праздника,123456789490,Колпино,2021-12-31,2023-02-18,2023-03-21,4972767,909,False,82,70,0,0
ООО Лукоморье,123456789491,Пыталово,2017-05-04,2019-02-27,2021-02-06,3592177,322,False,24,2,0,0
НКО Вермишель,123456789492,Барнаул,2002-11-27,2016-10-21,2017-11-06,802077,239,False,51,37,0,0
КФХ Миледи,123456789493,Мамыри,2000-03-22,2009-10-13,2022-04-03,3899408,1831,False,33,1,0,1
ОАО Зурбаган,123456789494,Урюпинск,2015-12-28,2022-12-24,2023-02-01,2152549,1037,False,24,5,0,0
НКО Империя,123456789495,Козельск,2008-04-12,2014-10-11,2021-12-22,8661405,1033,False,58,13,0,5
КФХ Зайка моя,123456789496,Нижние Серги,2010-06-04,2011-04-20,2015-09-22,8185873,1957,False,93,55,0,0
НКО Карусель веселья,123456789497,Урюпинск,2014-11-07,2022-03-03,2023-02-22,3785859,1221,False,42,12,2,0
ООО Тополино,123456789498,Новая Ляля,2016-11-02,2019-06-05,2021-01-10,9383984,1354,True,99,77,0,5
НКО Антураж,123456789499,Барнаул,1999-08-19,2003-11-09,2021-01-25,4705908,1037,False,97,56,0,0
ЗАО Авача-клуб,123456789500,Свиногорье,2010-05-31,2019-01-25,2019-09-15,9690430,278,True,28,10,0,0
ООО Розовый слон,123456789501,Колпино,2013-01-11,2013-08-30,2020-09-30,8980642,1412,False,35,29,0,2
ООО Любушка,123456789502,Мымрино,2015-01-28,2015-09-13,2020-09-20,3390256,809,False,85,72,0,2
ОАО Радость,123456789503,Колпино,2008-11-27,2009-09-12,2021-01-23,6462162,1112,False,40,0,0,0
КФХ Красная шапочка,123456789504,Колпино,2016-04-25,2022-11-18,2023-01-03,5258448,1467,False,10,1,0,0
ЗАО Афродита,123456789505,Пыталово,2011-09-07,2019-01-12,2023-03-16,5495554,467,False,26,8,0,0
ООО Домик Алисы,123456789506,Мытищи,2010-03-02,2019-04-29,2021-10-02,4504272,352,False,96,43,0,0
ОАО Звездопад желаний,123456789507,Колпино,2021-06-15,2022-03-17,2022-06-21,251162,1706,False,89,10,0,0
НКО Волшебник,123456789508,Урюпинск,2019-07-04,2021-09-06,2022-04-07,488268,922,False,42,32,0,0
ЗАО Светлячок,123456789509,Урюпинск,2009-08-30,2017-09-17,2020-01-22,7057995,1604,False,12,2,0,0
ОАО Вот здорово!,123456789510,Мамыри,2016-12-11,2021-09-10,2023-04-02,1603785,1740,False,42,21,2,0
ОАО Пингвин,123456789511,Пыталово,2015-08-11,2018-06-22,2021-12-14,7045601,865,False,67,0,0,0
КФХ Затейник,123456789512,Мамыри,1999-04-20,2021-01-21,2022-05-11,9198054,62,False,69,41,0,0
КФХ Веснушка,123456789513,Мымрино,2022-02-23,2022-06-14,2023-02-28,1834445,801,False,95,46,0,0
ЗАО Оса,123456789514,Пыталово,2006-04-21,2007-09-29,2019-04-23,9847951,1305,False,7,4,5,0
НКО Арт-Премьер,123456789515,Свиногорье,2000-12-09,2012-01-29,2019-02-22,8191639,1550,False,71,20,0,0
КФХ Рыжая ворона,123456789516,Мамыри,2004-04-01,2004-10-16,2005-04-08,9439469,1905,True,37,10,0,5
НКО Дежавю,123456789517,Козельск,2014-12-21,2017-01-28,2021-06-26,6177318,1641,True,33,15,0,0
КФХ Остров детства,123456789518,Нижние Серги,2002-05-24,2014-05-14,2021-11-21,3046147,557,False,28,11,0,0
ЗАО Линия отрыва,123456789519,Колпино,2008-10-20,2019-08-30,2021-07-13,6773524,1625,False,18,4,0,0
КФХ Гномик,123456789520,Мымрино,2003-11-01,2016-03-26,2019-08-29,8421132,772,False,49,26,0,0
ООО Я сам,123456789521,Нижние Серги,2018-04-30,2019-06-18,2020-12-30,612854,1270,False,78,70,0,0
НКО Лимон,123456789522,Пыталово,2012-07-15,2018-03-22,2022-12-04,3650900,906,False,66,65,0,0
НКО Лунтик,123456789523,Свиногорье,1999-10-08,2014-08-28,2021-04-17,1314073,1973,False,54,23,0,0
ЗАО Феерия,123456789524,Мамыри,2021-10-21,2022-10-01,2022-12-03,6666910,105,False,103,40,0,0
КФХ Ладушки,123456789525,Мытищи,1998-01-23,1998-12-20,2011-02-06,5515668,1686,False,43,22,0,0
ЗАО Мир чудес,123456789526,Мымрино,2014-08-06,2015-08-28,2016-12-17,2789784,1216,False,31,7,0,0
ОАО Фейерверк,123456789527,Мытищи,2007-03-29,2008-07-30,2017-12-14,3422432,1348,False,22,17,2,1
ЗАО Радуга,123456789528,Мытищи,2019-03-11,2021-12-17,2022-08-06,511352,1070,False,100,97,5,0
ООО Счастливое время,123456789529,Урюпинск,2008-11-05,2020-01-02,2020-09-28,2567570,1640,False,87,31,0,0
КФХ Праздничный экспресс,123456789530,Свиногорье,2000-12-13,2010-04-14,2012-10-26,8923019,1087,False,28,0,0,0
ООО Анита,123456789531,Барнаул,2013-06-05,2020-11-10,2021-06-21,8084152,132,False,79,65,0,5
НКО Серебряная маска,123456789532,Свиногорье,2012-04-16,2018-08-28,2021-05-15,1366032,244,False,106,76,0,0
НКО Иваси,123456789533,Мамыри,2007-01-12,2021-06-11,2021-11-21,9718465,729,False,61,26,0,0
КФХ Барон,123456789534,Новая Ляля,2010-02-04,2018-05-30,2019-05-03,3758561,1842,False,84,16,5,0
НКО Домовенок,123456789535,Мытищи,2005-01-23,2015-09-10,2021-08-28,1432457,1421,False,20,15,0,0
ОАО Золотая рыбка,123456789536,Урюпинск,2001-10-19,2009-09-11,2012-09-20,6556944,1195,False,93,65,2,0
ЗАО Настроение,123456789537,Барнаул,2012-03-11,2019-08-22,2022-08-14,8341732,964,False,3,1,0,0
НКО Бэби Бум,123456789538,Свиногорье,2023-01-29,2023-02-05,2023-03-21,3644892,1309,False,71,57,0,2
ОАО Магия торжества,123456789539,Свиногорье,2010-10-17,2021-12-30,2023-02-24,667730,1365,False,100,65,5,0
ЗАО Мозаика,123456789540,Колпино,2020-10-19,2020-10-24,2022-06-17,3563076,1043,False,101,38,0,0
ЗАО Соколенок,123456789541,Колпино,2018-02-27,2020-06-22,2022-01-11,6705227,911,False,74,17,0,0
НКО Соловей,123456789542,Урюпинск,2016-10-09,2022-08-22,2023-03-19,4961829,869,False,38,1,0,1
КФХ Дольче,123456789543,Мытищи,2006-10-11,2021-11-19,2022-08-25,5141550,1315,False,89,64,0,1
ЗАО Веселушки,123456789544,Свиногорье,2013-03-28,2021-09-02,2021-11-16,5418880,547,False,101,81,0,0
КФХ Диадема,123456789545,Пыталово,2016-09-28,2021-11-13,2023-02-21,3324104,855,False,50,27,0,2
ОАО Прованс,123456789546,Новая Ляля,2013-02-28,2023-03-30,2023-04-01,9282676,846,False,82,80,5,0
КФХ Лавка счастья,123456789547,Колпино,2020-06-10,2022-08-24,2022-10-09,8085333,365,False,29,15,0,0
КФХ Карусель,123456789548,Урюпинск,2002-09-15,2006-01-10,2013-06-18,5957128,449,False,91,73,0,0
ООО Апельсин,123456789549,Пыталово,2016-04-18,2018-02-18,2019-04-08,6611398,1304,False,14,8,0,0
ООО Василек,123456789550,Пыталово,2000-05-14,2001-04-19,2014-02-19,4312381,799,False,38,30,0,1
ОАО Фигаро,123456789551,Нижние Серги,2020-05-30,2021-10-12,2021-11-23,1033162,739,False,89,6,1,2
ОАО Четыре квадрата,123456789552,Свиногорье,2009-01-02,2009-10-05,2012-11-01,4349238,515,False,22,13,0,1
ЗАО Татьянин день,123456789553,Мымрино,2000-07-04,2022-02-11,2022-09-13,9280851,545,False,5,1,0,5
ОАО Лисана,123456789554,Козельск,2005-09-08,2014-01-13,2021-02-05,5129778,1894,False,98,96,1,0
ООО Пряник,123456789555,Урюпинск,2004-02-18,2005-02-23,2014-06-05,9288837,915,False,52,26,0,0
ЗАО Миниклуб,123456789556,Урюпинск,2021-04-05,2022-02-01,2022-07-17,7751738,1319,False,68,28,0,0
КФХ Море радости,123456789557,Колпино,1999-01-30,2014-11-08,2014-11-16,3938592,1284,False,8,0,5,0
КФХ Серпантин,123456789558,Барнаул,2003-03-23,2013-12-31,2021-01-22,2506091,1177,False,3,1,0,0
ООО Талисман,123456789559,Козельск,2007-10-31,2017-01-22,2020-01-18,4043580,1909,False,100,99,0,0
КФХ Ваш праздник,123456789560,Свиногорье,2009-02-19,2020-12-19,2022-11-30,7919933,1717,False,84,47,0,2
ООО Юнга,123456789561,Пыталово,2000-02-07,2007-03-07,2009-03-22,8283247,394,False,43,18,0,0
ООО Золотая рыбка,123456789562,Барнаул,2001-01-07,2019-04-27,2020-07-02,3313493,606,False,69,48,5,0
ОАО Колокольчик,123456789563,Новая Ляля,2004-03-04,2008-10-24,2019-06-07,2025261,354,False,26,10,0,0
КФХ Винни Пух,123456789564,Свиногорье,2013-08-20,2021-08-10,2022-09-22,186856,1468,False,71,56,0,0
ОАО Веселись детвора,123456789565,Барнаул,2001-05-05,2013-09-22,2022-08-03,6112674,1648,False,45,41,0,0
КФХ Галатея,123456789566,Козельск,2017-06-12,2019-08-19,2020-08-19,5901572,1406,False,27,16,0,0
КФХ Овация,123456789567,Нижние Серги,2003-01-08,2012-07-28,2019-08-10,6072519,378,False,101,72,0,0
КФХ Рост,123456789568,Мытищи,2021-04-15,2023-02-11,2023-03-10,7299002,1836,False,3,1,2,0
НКО Чеширский кот,123456789569,Новая Ляля,1999-12-20,2000-04-29,2013-08-15,8338310,332,False,59,15,0,2
ЗАО Розовый ёж,123456789570,Козельск,2000-07-02,2010-09-06,2016-11-17,3475607,651,False,105,37,0,0
ОАО Мальцайт,123456789571,Колпино,2007-12-15,2010-11-12,2019-02-03,1714060,463,False,57,4,0,0
КФХ Мастер шоу,123456789572,Козельск,1998-03-04,2004-07-20,2015-10-19,2111760,96,False,88,27,5,0
ООО Арт Мажор,123456789573,Мытищи,1999-02-20,2008-02-19,2021-06-24,1585898,1033,False,71,18,0,2
ЗАО Белоснежка,123456789574,Мымрино,2022-08-22,2022-12-08,2023-03-05,6988363,1800,False,105,25,0,1
НКО Интершоу,123456789575,Урюпинск,2018-05-11,2022-11-04,2023-02-26,1040195,1763,False,38,30,0,0
НКО Отличная идея,123456789576,Пыталово,2009-01-12,2015-01-23,2022-05-29,1921676,1805,False,64,42,0,0
ОАО Яркость,123456789577,Нижние Серги,2016-07-18,2020-12-18,2022-12-26,219232,1477,False,10,9,0,0
ООО Отлично погуляли,123456789578,Урюпинск,2003-04-03,2020-06-27,2021-01-15,4816534,1548,False,82,47,1,0
ОАО Гудвин,123456789579,Урюпинск,2011-04-02,2019-03-12,2019-05-20,6017766,1732,False,41,28,0,0
ЗАО Эйфория,123456789580,Урюпинск,2008-06-10,2016-08-28,2019-01-18,5375887,1315,False,58,11,0,0
КФХ Бис,123456789581,Мытищи,2007-03-08,2016-04-07,2016-08-09,7449674,230,False,101,63,0,0
ООО Связи,123456789582,Пыталово,2016-03-31,2017-01-05,2020-08-07,2605747,40,False,57,29,0,2
ОАО Чудо-Праздник,123456789583,Мамыри,2013-08-03,2015-01-05,2021-03-23,3330954,1506,False,30,17,0,5
КФХ Обыкновенное чудо,123456789584,Козельск,2017-02-23,2018-12-15,2022-12-23,6392412,1952,False,87,59,0,1
НКО Лимпопо,123456789585,Мамыри,2005-10-09,2009-04-17,2017-09-15,4817880,848,False,9,8,0,0
НКО Ситишоу,123456789586,Барнаул,1998-08-22,2015-05-29,2019-10-30,7234934,1578,False,33,23,0,1
НКО Нафаня,123456789587,Новая Ляля,2010-09-01,2012-04-30,2018-04-12,3526463,466,False,67,49,0,0
КФХ Арт Премиум,123456789588,Колпино,1997-06-06,2008-04-30,2011-06-16,715107,956,False,99,1,0,5
ОАО Забава,123456789589,Свиногорье,2020-11-29,2021-07-31,2022-02-10,8922742,1789,False,36,27,1,0
ЗАО Веселый праздник,123456789590,Урюпинск,2000-06-08,2004-01-29,2005-07-01,1980580,305,False,61,56,0,0
ООО Нафаня,123456789591,Нижние Серги,2012-12-02,2016-09-02,2018-08-24,7705244,401,False,51,13,0,0
ЗАО Боровичок,123456789592,Колпино,2012-08-25,2014-01-05,2019-03-02,3319382,325,False,8,5,0,0
ООО Королевский стиль,123456789593,Нижние Серги,2001-05-25,2010-11-28,2013-07-01,808044,403,False,20,10,0,0
ООО Арт-Профи,123456789594,Колпино,2007-08-26,2019-10-16,2020-02-23,6143032,1310,False,82,9,0,0
НКО Бисквит,123456789595,Нижние Серги,2009-01-09,2012-09-11,2023-03-18,7805917,551,False,52,13,0,0
НКО Антарес,123456789596,Свиногорье,2007-10-20,2014-06-30,2019-06-30,873523,1493,False,88,74,0,0
ОАО Десерт,123456789597,Свиногорье,2011-04-15,2014-04-26,2018-01-05,4340670,6,False,36,1,0,0
ЗАО Акварель,123456789598,Урюпинск,1999-03-07,2018-04-17,2019-04-29,5114548,606,False,66,37,0,0
ООО Цветы жизни,123456789599,Пыталово,2007-12-17,2017-10-07,2019-12-06,4275859,1619,False,8,4,0,0
ОАО Мадагаскар,123456789600,Мытищи,2011-11-20,2014-11-20,2020-05-23,7573441,1818,False,17,12,0,0
ЗАО Бэби Дом,123456789601,Мытищи,2004-03-07,2009-04-02,2020-11-04,5671253,917,False,38,34,0,0
ОАО Тип-Топ,123456789602,Барнаул,2006-09-29,2010-04-16,2022-11-15,1871662,1342,False,98,19,5,0
ООО Феличита,123456789603,Урюпинск,2002-05-06,2005-07-13,2005-11-18,6813253,1975,False,101,3,2,0
ООО А-Мега,123456789604,Мытищи,2011-07-29,2012-09-04,2019-01-30,9072738,1881,False,40,24,0,2
КФХ Воробушек,123456789605,Козельск,2015-04-19,2016-01-04,2021-10-27,5253021,1144,False,98,27,1,5
НКО Мэри Поппинс,123456789606,Мамыри,2018-11-29,2020-10-06,2022-01-26,6207260,87,False,35,1,5,0
ЗАО Оки-Доки,123456789607,Барнаул,1999-05-08,2006-02-28,2009-11-15,4514600,1412,True,74,15,0,0
КФХ Дива,123456789608,Мамыри,2008-08-20,2010-05-23,2012-01-14,1082460,588,False,55,35,2,0
ООО Артист,123456789609,Урюпинск,2020-01-26,2021-07-14,2021-09-30,1400493,230,False,15,2,0,0
НКО Егоза,123456789610,Урюпинск,2008-11-08,2010-02-27,2018-12-17,3792096,1281,False,104,25,5,0
ООО Ангел,123456789611,Мымрино,2003-02-17,2010-12-30,2022-12-02,897102,743,False,27,2,5,0
КФХ Событие,123456789612,Барнаул,1997-05-26,2010-11-01,2019-04-15,7219671,1901,False,4,2,0,0
ЗАО ФБР,123456789613,Нижние Серги,2016-05-11,2019-03-26,2023-01-08,3596317,1676,False,55,31,2,0
ОАО Карамельки,123456789614,Барнаул,2010-08-26,2018-05-12,2020-05-28,8511148,284,False,41,31,0,0
ОАО Улыбайся,123456789615,Свиногорье,2000-10-24,2013-06-04,2016-05-29,9760420,1520,False,95,62,0,0
КФХ Нюша,123456789616,Пыталово,2021-05-02,2021-11-19,2022-08-18,3520177,1556,False,62,16,0,0
ОАО Искорка,123456789617,Пыталово,2019-05-14,2022-06-19,2022-10-18,4130188,1266,False,33,17,0,0
НКО Ода,123456789618,Нижние Серги,2022-09-28,2023-03-18,2023-03-23,5654459,141,False,70,53,0,0
ЗАО Позитифф,123456789619,Пыталово,2002-07-06,2003-04-28,2007-04-24,3430747,544,False,23,6,0,2
ОАО Непоседы,123456789620,Нижние Серги,2002-05-31,2020-01-11,2020-06-18,6414381,1796,False,49,46,2,5
НКО Веселье плюс,123456789621,Колпино,2009-12-03,2010-09-29,2018-03-16,8750458,871,False,11,4,1,1
ООО Арт планета,123456789622,Нижние Серги,2011-02-16,2020-03-23,2020-11-05,1818930,1030,False,18,7,0,0
ОАО Праздник каждый день,123456789623,Нижние Серги,2013-10-10,2019-08-14,2020-09-16,4347482,1711,False,46,5,1,0
НКО Букашка,123456789624,Колпино,2004-09-14,2005-09-17,2016-11-26,2247030,963,False,85,56,0,0
ОАО Колосок,123456789625,Пыталово,2018-07-02,2020-05-18,2021-09-05,1835873,220,False,1,0,0,0
ЗАО Пир,123456789626,Барнаул,2013-07-31,2013-09-07,2019-02-03,7670809,1100,False,108,8,5,0
КФХ Жираф,123456789627,Урюпинск,2021-07-29,2022-04-11,2022-10-19,7181008,1806,False,65,27,2,0
ЗАО Крыжовник,123456789628,Мамыри,2006-08-01,2013-06-05,2023-03-28,7247189,46,False,8,6,0,0
ООО Лисичка,123456789629,Новая Ляля,2012-01-13,2012-11-02,2020-07-20,3167636,1981,True,93,59,0,1
КФХ Веселый Роджер,123456789630,Новая Ляля,2019-10-14,2022-12-07,2023-02-24,7264541,87,False,66,57,0,0
ООО Пирамида,123456789631,Новая Ляля,2020-08-29,2022-02-14,2022-06-18,9462274,1148,True,39,25,5,0
ООО Березка,123456789632,Мымрино,2006-03-10,2014-08-20,2022-02-06,8724277,1219,False,33,0,0,0
ЗАО Идиллия,123456789633,Новая Ляля,2017-10-08,2019-05-01,2021-06-02,7787141,1744,False,4,0,0,0
НКО Волшебница,123456789634,Мытищи,2020-02-22,2022-04-10,2022-04-10,8667052,1369,False,43,6,0,0
ОАО Любой каприз,123456789635,Барнаул,2005-09-19,2007-05-26,2016-05-30,6648652,185,False,86,50,0,2
ОАО Лесовичок,123456789636,Мытищи,2002-07-03,2007-07-26,2012-01-12,5430731,1002,False,62,3,0,0
ООО Конфетти,123456789637,Пыталово,2001-02-06,2001-08-26,2007-08-16,7665003,40,True,110,41,0,0
ОАО Ералаш,123456789638,Мамыри,2001-05-01,2020-04-09,2022-08-11,8148575,1544,False,61,50,0,0
ООО Квадрат,123456789639,Свиногорье,2007-06-22,2015-07-17,2020-09-20,6248689,1329,False,72,33,0,0
ЗАО Оранжевое настроение,123456789640,Мамыри,2011-01-26,2013-04-16,2021-09-17,6418097,636,False,65,19,0,1
ОАО Белый лев,123456789641,Мамыри,2000-02-09,2011-01-15,2018-01-09,2360015,881,False,98,40,5,0
ЗАО Андерсен,123456789642,Пыталово,2018-08-25,2022-06-09,2022-12-24,6252930,252,False,101,52,0,0
ЗАО Технология развлечений,123456789643,Урюпинск,2020-12-20,2022-07-07,2022-09-01,5672419,1888,False,19,0,0,0
ОАО Доминошки,123456789644,Колпино,2001-12-20,2017-06-21,2019-04-10,6284100,1458,False,11,7,0,0
ООО Азбука праздника,123456789645,Свиногорье,1999-07-13,2010-11-16,2013-08-01,8746159,112,False,110,104,2,2
ОАО Кораблик,123456789646,Пыталово,2000-01-13,2000-06-16,2012-06-19,1595489,435,False,8,0,0,0
КФХ Оле Лукойе,123456789647,Мытищи,1997-05-11,2016-01-13,2020-10-05,3473081,503,False,72,22,0,0
НКО Румяна,123456789648,Мымрино,2010-11-06,2015-10-17,2016-11-09,7526960,3,False,22,1,0,0
ОАО Мосгорпраздник,123456789649,Пыталово,2016-01-28,2020-07-14,2021-07-11,8935580,417,False,72,42,0,0
ЗАО Пурпур,123456789650,Урюпинск,2019-06-22,2022-08-04,2023-01-06,4543086,1475,False,35,20,0,0
НКО Весело деткам!,123456789651,Мымрино,2001-05-27,2014-06-09,2021-07-12,3646634,352,False,68,34,5,0
КФХ Мир праздника,123456789652,Барнаул,2012-09-12,2021-01-07,2022-11-26,7016918,905,False,50,2,0,0
КФХ Неон,123456789653,Козельск,2010-07-11,2020-03-28,2020-11-28,4729870,1228,False,61,46,0,0
ЗАО Барсучок,123456789654,Мымрино,2010-03-28,2013-11-21,2017-12-15,9042393,1608,False,72,8,0,0
ООО Наши звезды,123456789655,Пыталово,2004-07-02,2020-06-26,2021-07-10,526155,919,False,43,5,0,2
ЗАО Карусель,123456789656,Козельск,1999-12-25,2002-05-02,2021-07-15,9232799,22,False,26,2,0,0
ОАО Шафер,123456789657,Пыталово,2000-04-27,2019-02-25,2022-01-03,5637968,713,False,67,41,0,0
ООО Фея,123456789658,Колпино,2011-09-02,2016-03-10,2017-06-26,2350475,600,False,18,16,0,5
ОАО Дельфиненок,123456789659,Козельск,2012-06-17,2018-04-15,2019-10-27,6166146,539,False,32,9,0,1
ОАО Золотой ключик,123456789660,Мамыри,2006-10-14,2017-01-14,2018-10-17,5374334,410,False,44,20,0,0
ООО Колорит,123456789661,Колпино,2009-12-11,2010-04-12,2016-07-29,6297931,172,False,65,1,1,0
КФХ Счастливые дети,123456789662,Мытищи,1998-05-20,2003-01-03,2005-03-29,2170378,779,False,51,4,0,0
ООО Торжан,123456789663,Мамыри,2002-04-04,2013-03-25,2015-01-08,3335715,1561,False,89,66,0,5
НКО Братья Гримм,123456789664,Мытищи,2012-03-15,2020-05-27,2021-07-31,8501985,1890,False,29,14,0,0
ООО Арт-Конферанс,123456789665,Колпино,2012-11-01,2019-12-26,2021-07-03,6662653,790,False,102,46,0,0
ООО Праздник здесь,123456789666,Мамыри,2013-07-27,2019-05-14,2020-05-28,9805147,406,False,82,33,0,0
ЗАО Авторитет,123456789667,Барнаул,2012-04-10,2016-07-23,2019-05-23,7971726,1496,False,14,6,0,0
ОАО Аленький цветочек,123456789668,Нижние Серги,1999-11-01,2001-10-23,2006-12-16,7284477,617,False,44,32,5,0
ОАО Егорка,123456789669,Нижние Серги,2022-04-03,2022-08-20,2022-12-03,4462535,1303,False,21,1,0,0
ОАО Артишок,123456789670,Мымрино,2016-03-31,2018-07-03,2019-09-18,1915038,360,False,74,68,0,0
НКО Забабах,123456789671,Мымрино,2015-06-17,2017-07-05,2017-07-08,1710605,552,True,39,30,0,0
ООО Шустрик,123456789672,Мамыри,2013-03-02,2018-12-27,2022-04-03,512844,1998,False,103,11,0,0
ЗАО Хихи.ру,123456789673,Козельск,2018-04-24,2022-06-19,2023-02-24,8018294,1728,False,48,3,2,0
КФХ Иван да Марья,123456789674,Урюпинск,2005-08-10,2015-04-27,2022-06-29,48731,1702,False,86,60,0,0
ОАО Планета детства,123456789675,Барнаул,2016-10-24,2020-03-03,2020-08-12,6244961,932,True,93,78,2,0
ОАО Праздничная шкатулка,123456789676,Новая Ляля,1998-12-01,2000-09-20,2018-03-16,6835832,1637,False,57,27,0,1
ЗАО Фэнтези,123456789677,Новая Ляля,2013-05-15,2015-03-07,2020-11-07,7950592,1468,False,56,0,0,0
ОАО Пикарф,123456789678,Козельск,2002-08-15,2012-06-19,2023-03-20,6402044,1476,False,79,42,1,5
НКО Добрые истории,123456789679,Пыталово,2008-07-12,2016-02-13,2016-04-06,6204073,988,False,65,14,0,0
ООО Патефон,123456789680,Козельск,2003-04-16,2004-08-03,2012-03-27,2820960,1121,False,96,77,5,0
ЗАО Кукарача,123456789681,Барнаул,2005-11-18,2018-07-28,2022-12-08,6012642,427,False,19,14,0,0
НКО Чудо-остров,123456789682,Мамыри,2003-07-25,2020-03-11,2022-10-12,6751286,1978,False,32,11,0,0
ОАО Пятница,123456789683,Урюпинск,2019-01-03,2019-02-24,2022-10-08,187321,1107,True,63,13,0,0
ЗАО Лига профессионалов,123456789684,Колпино,2012-07-07,2019-02-03,2022-07-07,5564154,1229,False,28,8,0,0
НКО Золушка,123456789685,Новая Ляля,2000-12-05,2011-08-28,2014-05-26,1089952,1633,False,53,6,0,0
ОАО Бонус Клуб,123456789686,Пыталово,2002-11-04,2016-03-13,2021-04-08,315778,1765,False,0,0,0,0
ЗАО Москва-банкет,123456789687,Урюпинск,2004-03-07,2005-01-01,2010-06-09,4560950,1537,False,109,26,0,0
КФХ Нон стоп,123456789688,Пыталово,2020-04-27,2021-11-03,2022-02-19,2797938,991,False,3,0,0,0
КФХ Крестики-нолики,123456789689,Пыталово,2016-03-17,2018-08-25,2019-02-14,8168946,1181,False,95,69,0,0
ООО Мята,123456789690,Урюпинск,2020-11-20,2021-12-24,2022-11-17,6810801,1118,False,45,35,0,0
КФХ Чаплин,123456789691,Колпино,2008-07-23,2022-12-25,2023-02-18,4862280,988,False,90,41,0,0
ОАО Солнышко,123456789692,Козельск,2010-09-05,2020-09-13,2022-05-21,6368820,1071,False,79,42,0,0
НКО Лютик,123456789693,Козельск,2012-07-25,2015-04-03,2017-06-21,3466862,1481,False,103,55,0,0
ЗАО Чудесный день,123456789694,Мымрино,2003-11-24,2011-11-24,2018-06-07,6981556,1425,False,81,61,0,2
ОАО Лучший день,123456789695,Барнаул,1997-10-16,2019-09-05,2021-04-24,7206799,1452,False,68,22,0,0
ОАО Карамеля,123456789696,Мытищи,2006-03-20,2006-08-05,2015-12-11,6093605,449,False,97,54,2,0
ОАО Иркутская история,123456789697,Козельск,1997-07-29,2015-07-26,2016-05-04,3394013,124,False,51,12,0,0
ОАО Веселье,123456789698,Колпино,2005-05-11,2019-01-21,2021-05-27,3540139,82,False,13,0,5,0
ЗАО Весна,123456789699,Барнаул,2010-03-01,2013-03-02,2019-11-14,6455242,71,False,74,19,0,0
КФХ Фокус,123456789700,Мытищи,2007-04-05,2021-01-20,2021-10-03,5880781,257,False,104,88,0,0
НКО Зебра,123456789701,Мамыри,2005-11-14,2013-01-02,2014-07-06,3785474,1207,False,101,96,5,0
КФХ Бременские музыканты,123456789702,Урюпинск,2015-05-25,2017-08-04,2018-04-08,7074898,1340,False,65,41,0,0
ЗАО Золотая звезда,123456789703,Козельск,2015-10-23,2022-02-03,2022-10-13,5978793,1759,False,18,12,0,0
НКО Машенька,123456789704,Мымрино,2012-10-23,2017-01-12,2023-01-05,3346866,1650,False,21,13,2,0
ОАО Пантеон,123456789705,Мытищи,1997-12-09,2015-07-11,2016-10-02,1941969,1425,False,55,46,0,0
НКО Большой праздник,123456789706,Мымрино,2004-06-02,2011-07-08,2019-12-13,8891785,614,False,41,9,0,0
НКО Антошка,123456789707,Мамыри,1997-08-11,2020-10-02,2022-12-18,3000939,276,False,101,90,0,0
НКО Закулисье,123456789708,Нижние Серги,2022-05-17,2022-12-23,2023-03-15,3294579,747,False,49,32,0,0
КФХ Веселый Галилей,123456789709,Урюпинск,2006-12-21,2010-08-08,2020-06-20,6373593,1632,False,43,16,0,0
КФХ Румяные щечки,123456789710,Козельск,2004-07-17,2020-03-16,2021-03-22,5577119,1211,False,65,4,5,1
НКО Прометей,123456789711,Мытищи,2005-12-10,2019-07-24,2021-01-06,5612691,208,False,83,80,0,0
ОАО Артель,123456789712,Пыталово,2009-10-06,2013-06-23,2016-12-24,6155875,876,False,31,1,0,0
ООО Шоу Бум,123456789713,Мамыри,2008-04-06,2013-03-19,2018-12-13,4462701,1767,False,109,4,0,1
НКО Добрая фея,123456789714,Нижние Серги,2017-12-23,2022-05-19,2023-03-22,1591781,1623,False,55,29,0,5
ОАО Жар-птица,123456789715,Козельск,2015-04-02,2017-07-06,2017-08-07,9821151,876,True,96,6,0,0
ООО Русский размах,123456789716,Мымрино,2005-03-23,2012-07-10,2017-07-09,5733864,1216,False,3,0,0,0
ЗАО Авокадо,123456789717,Козельск,2001-06-30,2013-08-19,2022-01-05,8367235,1579,False,7,2,0,0
НКО Обыкновенное чудо,123456789718,Свиногорье,2005-04-29,2011-01-15,2017-05-26,2229400,114,False,79,8,2,0
ОАО Умка,123456789719,Урюпинск,2006-03-09,2020-03-07,2020-07-23,5994920,1243,False,54,19,0,1
ЗАО Фламинго,123456789720,Барнаул,2020-12-30,2023-02-28,2023-04-02,6629378,1382,False,22,11,0,0
НКО Мюзикл,123456789721,Урюпинск,2022-04-09,2022-09-27,2023-02-02,5900100,1834,False,18,3,0,0
ЗАО Мир праздничных услуг,123456789722,Барнаул,2012-09-13,2018-06-10,2018-12-26,2625355,562,False,99,14,0,0
ООО Апипяй,123456789723,Мамыри,2011-05-28,2012-09-02,2020-03-09,296144,1733,False,86,17,0,0
НКО Я на празднике,123456789724,Колпино,2011-03-16,2022-07-21,2023-01-27,502783,1171,False,90,7,0,0
ООО Праздничная затея,123456789725,Пыталово,2008-05-14,2011-04-05,2014-07-19,8835186,1478,True,102,12,0,0
КФХ Золотой ключик,123456789726,Урюпинск,2007-08-09,2010-02-10,2012-01-21,2777247,866,False,21,19,0,0
ОАО Малыш,123456789727,Мымрино,2008-01-05,2018-11-06,2020-01-02,6335190,619,False,89,88,0,0
НКО Холмы и горы,123456789728,Мымрино,2005-05-14,2018-06-22,2022-06-22,7707383,637,False,82,61,0,0
НКО Атлант,123456789729,Мамыри,2009-12-22,2014-04-12,2022-11-22,5441124,1591,False,21,20,0,0
НКО Августин,123456789730,Мымрино,2021-08-09,2021-10-17,2022-08-06,8723726,820,True,60,7,1,0
НКО Мультик,123456789731,Козельск,2005-04-16,2022-12-02,2023-01-11,7078408,1757,False,99,22,0,0
ОАО Удачный праздник,123456789732,Колпино,2011-03-14,2013-02-20,2022-03-22,368881,1087,False,108,87,0,0
КФХ Звездный дождь,123456789733,Урюпинск,2010-09-18,2020-08-13,2021-11-23,698878,259,False,9,2,0,0
НКО Абрикос,123456789734,Мытищи,2021-06-21,2023-02-26,2023-03-12,1762869,893,False,78,73,0,0
КФХ Звездопад,123456789735,Колпино,2015-01-11,2023-03-13,2023-03-17,6230716,1756,False,98,71,0,5
НКО Ультрамарин,123456789736,Козельск,2002-02-12,2019-06-15,2021-12-11,1589132,397,False,41,23,0,1
ОАО Родничок,123456789737,Колпино,2006-01-19,2020-08-18,2021-05-11,9766794,1120,False,16,4,0,0
НКО Триумф,123456789738,Колпино,2005-06-08,2019-05-09,2020-12-27,3215605,1866,False,70,54,0,0
ООО Разгуляй,123456789739,Новая Ляля,2003-05-17,2021-03-26,2022-07-31,2299281,1627,False,46,35,2,1
ОАО Смешарики,123456789740,Мымрино,2015-09-30,2018-10-23,2020-08-28,5733416,387,False,29,17,2,2
ООО Променадъ,123456789741,Новая Ляля,2018-07-01,2018-09-17,2020-11-12,9444569,1593,False,53,18,0,0
КФХ Гулливер,123456789742,Барнаул,2020-05-23,2022-03-31,2022-06-17,1374568,1299,False,22,14,0,0
ЗАО Ля Фэт,123456789743,Барнаул,2016-02-17,2016-10-28,2020-06-22,9180176,869,False,9,4,0,0
НКО Малина,123456789744,Мамыри,2019-05-04,2022-01-04,2022-07-24,3451815,689,False,42,4,0,0
КФХ Презент,123456789745,Барнаул,2018-10-03,2018-12-19,2020-05-30,7707027,516,False,82,54,0,0
ООО Чарли,123456789746,Барнаул,2016-01-01,2021-06-21,2022-09-16,7458655,463,False,40,26,5,0
ЗАО Щелкунчик,123456789747,Мымрино,2008-07-31,2018-08-09,2019-05-16,9627653,501,False,1,0,0,1
ЗАО Мандарин,123456789748,Колпино,2021-08-19,2022-10-11,2022-11-28,173960,581,False,56,4,0,0
ОАО Шарикус,123456789749,Козельск,2016-02-07,2018-10-10,2020-09-15,457284,995,False,0,0,0,0
ЗАО Агентство радости,123456789750,Мымрино,2021-08-31,2022-07-30,2022-12-07,3591833,1179,False,16,3,0,0
ОАО Романтика,123456789751,Мамыри,2014-07-07,2019-12-31,2021-10-29,2710526,170,False,104,63,0,5
ЗАО Мамонтенок,123456789752,Пыталово,2019-08-12,2021-07-21,2022-06-14,438444,358,False,30,16,0,5
ООО Забава,123456789753,Новая Ляля,2011-04-03,2018-09-28,2022-02-16,2861508,1600,False,28,13,0,0
ОАО Клоун Нюша,123456789754,Новая Ляля,2006-07-15,2006-09-18,2011-10-23,7145875,725,False,0,0,2,0
ООО Дельфиниум,123456789755,Новая Ляля,2017-09-23,2021-08-16,2021-09-14,5670176,1710,False,90,57,0,0
